"richness","abundance","n","mean","sd","n_hill1"
3,3606,1000,2.31531343507266,0.437800785002488,1000
3,5340,1000,2.36211171599479,0.421290472885119,1000
3,7030,1000,2.34634942611616,0.416432094776014,1000
3,8083,1000,2.35226820945725,0.425104004736933,1000
3,8218,1000,2.35598100424641,0.414434392945304,1000
3,8898,1000,2.36821970911201,0.419944912582093,1000
3,9711,1000,2.35056841583285,0.417019601319114,1000
3,11700,1000,2.33529900552516,0.42784981111321,1000
3,11826,1000,2.34179441520336,0.427513405818085,1000
3,12488,1000,2.35569969576129,0.410989382902743,1000
3,13610,1000,2.32643402827607,0.432875214140351,1000
3,18166,1000,2.350857873139,0.425082282672459,1000
4,1166,1000,2.99264260514783,0.528345383948573,1000
4,3823,1000,3.03987206781039,0.540179132826253,1000
4,4893,1000,3.01694149722604,0.542685903276464,1000
4,9261,1000,3.01440603177785,0.522560495305215,1000
4,10898,1000,2.98391115570708,0.550116087647179,1000
4,12279,1000,2.97071563571821,0.534110810744796,1000
4,12375,1000,3.03090432509559,0.52128016599927,1000
4,12636,1000,2.96389804296803,0.537208231362524,1000
5,4077,1000,3.67615670553504,0.622521511428196,1000
5,7377,1000,3.63404558888836,0.6202081325338,1000
5,7411,1000,3.6545335286688,0.637845012117094,1000
5,8307,1000,3.65107081211961,0.618714797828008,1000
5,11136,1000,3.66381952109328,0.630291034805169,1000
5,12076,1000,3.65714579397064,0.615402191620911,1000
5,12262,1000,3.64213777153918,0.614505349479469,1000
5,14600,1000,3.67653948787495,0.617123755424405,1000
5,17174,1000,3.64899350768969,0.642130548703674,1000
5,18162,1000,3.67489942712866,0.625091693589661,1000
5,18259,1000,3.67675016284068,0.626333247355782,1000
6,1291,1000,4.34656870529796,0.694575742280676,1000
6,1946,1000,4.32495132950773,0.725751295451767,1000
6,8557,1000,4.34008129808638,0.700826202338369,1000
6,13094,1000,4.31393842782077,0.701535898774668,1000
6,13373,1000,4.35596093407196,0.689771149229345,1000
6,14474,1000,4.37190267419031,0.692989186869282,1000
6,14891,1000,4.32797039175216,0.710917123298309,1000
6,15058,1000,4.32634508415108,0.718110378407293,1000
7,851,1000,4.99570791700499,0.770519144715857,1000
7,1731,1000,4.98359940639354,0.792956925128266,1000
7,2583,1000,5.00426741972932,0.754913336953109,1000
7,3444,1000,5.00561180523705,0.787461074061939,1000
7,4207,1000,4.94798897032941,0.817708488416154,1000
7,10519,1000,4.93217462093142,0.804232243326082,1000
7,12221,1000,4.99724779126886,0.782969217124705,1000
7,13183,1000,5.01399535141107,0.794172251747183,1000
7,13668,1000,5.0090083742602,0.760086209158868,1000
7,18642,1000,5.01874921214847,0.77603963459377,1000
8,57,1000,5.80538463064226,0.958978639111687,979
8,1593,1000,5.60410156336496,0.860677045638476,1000
8,2738,1000,5.65349420230904,0.876759990218283,1000
8,2780,1000,5.66264187405251,0.843377535793462,1000
8,3582,1000,5.67470979119179,0.866838141938652,1000
8,5817,1000,5.64925391084958,0.866283807907673,1000
8,11465,1000,5.62527881737875,0.872370159137143,1000
8,16096,1000,5.60146332058472,0.883388228399455,1000
8,16953,1000,5.63744397311541,0.898607248842478,1000
9,5839,1000,6.27984284123081,0.942483579594477,1000
9,9446,1000,6.3654633503136,0.898348507827909,1000
9,15015,1000,6.34565086456774,0.906017307319077,1000
10,556,1000,6.9732106125803,1.04406031180489,1000
10,3235,1000,6.98413386401323,0.990684597347101,1000
10,7207,1000,6.97986980321153,0.989055258059014,1000
10,7941,1000,6.99184659912115,0.989573131342231,1000
10,10400,1000,6.98382118522966,0.966982473205532,1000
10,11286,1000,6.95841304647361,0.977782576358983,1000
11,66,1000,7.7217072252933,1.28157183537919,992
11,197,1000,7.5580545003315,1.13379757156617,1000
11,1866,1000,7.57863173977198,1.07916227483618,1000
11,2794,1000,7.57985365046772,1.06799259812309,1000
11,3447,1000,7.64151173337755,1.07696701638002,1000
11,6953,1000,7.60155730607999,1.03371639820389,1000
11,11004,1000,7.55153070856634,1.03182150888505,1000
11,15583,1000,7.62971512493875,1.04151790952206,1000
11,16198,1000,7.60680144749826,1.04521373243374,1000
11,19604,1000,7.58471174311641,1.05721685441455,1000
12,567,1000,8.30366074863,1.14242627335121,1000
12,892,1000,8.19570448530998,1.12504371771412,1000
12,2903,1000,8.28801533737449,1.09890755235246,1000
12,4514,1000,8.27252033834531,1.12346571007357,1000
12,8955,1000,8.25912440761243,1.0965974260659,1000
12,9173,1000,8.26580012415915,1.10428245103483,1000
12,9707,1000,8.3233913489937,1.08410668029539,1000
12,11555,1000,8.32060754513688,1.09950774032518,1000
12,12323,1000,8.22050003595587,1.07859064002391,1000
13,347,1000,8.83821512253693,1.29321884475327,1000
13,10483,1000,8.92425088910485,1.13803658192663,1000
13,13311,1000,8.90044093175505,1.19688588242666,1000
13,13991,1000,8.95319201984986,1.16098797602358,1000
13,14056,1000,8.96238474481502,1.15837920781816,1000
13,14125,1000,8.93211404437876,1.10801347709203,1000
13,15739,1000,8.94533180609161,1.21113897859464,1000
13,15796,1000,8.8579515088869,1.16556452437532,1000
13,16864,1000,8.96783723679433,1.18443648028732,1000
14,1396,1000,9.55541802330623,1.22481563333856,1000
14,2014,1000,9.53334160177469,1.22884742363703,1000
14,4537,1000,9.54094930962332,1.18850016226788,1000
14,4547,1000,9.53026102845128,1.23246000396581,1000
14,6045,1000,9.58413084659941,1.17851419486386,1000
14,8693,1000,9.62215927072239,1.19150242006689,1000
14,12845,1000,9.6424451873205,1.1733153030899,1000
14,15675,1000,9.59254296792819,1.25265688393839,1000
15,341,1000,10.14565956946,1.37481706799272,1000
15,1384,1000,10.1488619799438,1.26326820001178,1000
15,2363,1000,10.1667368876967,1.30316388005769,1000
15,4516,1000,10.267274153953,1.24342811183346,1000
15,4643,1000,10.2667032470608,1.29640323264356,1000
15,5074,1000,10.2936600182108,1.21642433214558,1000
15,8132,1000,10.2855950365668,1.21857518688539,1000
15,11966,1000,10.2294375127522,1.23413163434422,1000
15,12102,1000,10.183142375112,1.23851283042535,1000
15,17849,1000,10.2080409751875,1.20014831710293,1000
15,18892,1000,10.2439147532717,1.25186216053507,1000
16,2598,1000,10.8955408053829,1.28420148220929,1000
16,10080,1000,10.8786928672144,1.25438889367319,1000
16,10136,1000,10.8550919954957,1.29283394799128,1000
16,13726,1000,10.8563896343519,1.34485328150611,1000
16,17457,1000,10.9345426708255,1.27127415983828,1000
16,17659,1000,10.8141001725645,1.33322298003361,1000
16,19769,1000,10.9285626720029,1.29249276906081,1000
16,19790,1000,10.8869280182073,1.32541696265621,1000
17,3557,1000,11.4900667259002,1.43864696610032,1000
17,6219,1000,11.4386279921675,1.41511573792605,1000
17,7227,1000,11.5139018857746,1.38679071392586,1000
17,9296,1000,11.5596203409724,1.33565084305084,1000
17,9891,1000,11.5045564039344,1.38566879447546,1000
17,12522,1000,11.5365735990336,1.37190837776909,1000
17,16821,1000,11.4917437776125,1.37268520043311,1000
17,17120,1000,11.5743330367494,1.3302026745436,1000
18,1228,1000,12.1116497589863,1.51075628602555,1000
18,6337,1000,12.2287719892215,1.43778066952308,1000
18,7840,1000,12.2067729151908,1.38286548186043,1000
18,12680,1000,12.1512304415821,1.41363144809664,1000
18,14602,1000,12.1588900064908,1.39455858366147,1000
18,19703,1000,12.206630329314,1.37774434561492,1000
19,1904,1000,12.8813024712245,1.5378794604542,1000
19,6764,1000,12.8535204941152,1.46084702783726,1000
19,7475,1000,12.846222223098,1.38926279153471,1000
19,8851,1000,12.7857146485357,1.47690136634821,1000
19,9476,1000,12.8158000622766,1.42121727727395,1000
19,13962,1000,12.826216418254,1.45126445150638,1000
19,15032,1000,12.7493412304247,1.43629517820117,1000
19,16609,1000,12.8010818168569,1.47477581730672,1000
19,19011,1000,12.9157422649207,1.42239787003274,1000
19,19955,1000,12.8674056380185,1.43865429781077,1000
20,1874,1000,13.4667106054199,1.46009249279212,1000
20,4525,1000,13.5434133522435,1.54454555413984,1000
20,5875,1000,13.4738947584008,1.50784674834994,1000
20,7559,1000,13.5744644927515,1.44285611074196,1000
20,8473,1000,13.4044915309627,1.53664167563979,1000
20,10243,1000,13.4578052319899,1.48906886254588,1000
20,12446,1000,13.4772968774608,1.53778963510176,1000
20,13832,1000,13.4961794338874,1.51686376958091,1000
20,17329,1000,13.5575099184274,1.47347808348999,1000
20,18295,1000,13.5259310649741,1.44062064181676,1000
20,18968,1000,13.5449533056158,1.49466206297002,1000
21,1548,1000,14.1307574577263,1.57563324484282,1000
21,5576,1000,14.1935809875852,1.58478403579289,1000
21,6548,1000,14.161500921575,1.52338493369732,1000
21,11147,1000,14.1284905056417,1.52331830819581,1000
21,16394,1000,14.1079772136342,1.50077075930368,1000
22,4635,1000,14.6961647303391,1.58361456067546,1000
22,5200,1000,14.7640287214522,1.59762907834722,1000
22,7441,1000,14.8909739130968,1.59602404565071,1000
22,8924,1000,14.7947472833084,1.58262644571816,1000
22,9164,1000,14.8835121339272,1.53018774578824,1000
22,9725,1000,14.7820854515638,1.54721555158114,1000
22,10652,1000,14.7872297567839,1.55322470430008,1000
22,15422,1000,14.8667072757307,1.52991497313574,1000
22,15725,1000,14.8809493285367,1.53276973294142,1000
22,16256,1000,14.8280534343616,1.56818509305878,1000
22,17612,1000,14.8164353058941,1.49181591769178,1000
22,18003,1000,14.8744724333327,1.55022505843346,1000
22,18808,1000,14.8113398197464,1.56887001781475,1000
22,19128,1000,14.8523539894041,1.53788622344001,1000
23,4607,1000,15.4524538478705,1.59573809789897,1000
23,4871,1000,15.3885463646858,1.55487543961112,1000
23,9329,1000,15.431420427659,1.6397601896189,1000
23,13102,1000,15.5002017686495,1.59301516550581,1000
23,13507,1000,15.4163904928649,1.63716954705001,1000
23,16086,1000,15.5350749272881,1.55850539027141,1000
23,18238,1000,15.4670295504661,1.56494263402869,1000
24,1965,1000,15.9296565215107,1.70808080451845,1000
24,3669,1000,15.9940257405752,1.5991395978612,1000
24,6541,1000,16.1014981282286,1.74629185519166,1000
24,10051,1000,16.1535666801022,1.65614653830568,1000
24,14147,1000,16.0828050838681,1.63469237196833,1000
24,14552,1000,16.2044286216866,1.65097100204835,1000
25,1810,1000,16.588098715874,1.77916043496158,1000
25,2023,1000,16.6482307567176,1.80944450937075,1000
25,2244,1000,16.5908503975618,1.81648947551274,1000
25,2899,1000,16.6598638769937,1.72188179958324,1000
25,5895,1000,16.6835020463185,1.74343644008803,1000
25,12952,1000,16.7858541369598,1.74066140855684,1000
25,16771,1000,16.8582854451603,1.66376202528559,1000
25,17863,1000,16.7594960953977,1.66294096284105,1000
26,1164,1000,17.0023022074978,1.98573352336024,1000
26,3023,1000,17.2701376732141,1.84660893687881,1000
26,6774,1000,17.3216133904043,1.80531364606939,1000
26,7522,1000,17.3062539271154,1.76122035236331,1000
26,9708,1000,17.4322634204619,1.75080601416278,1000
26,12209,1000,17.3259211739876,1.66345305788407,1000
26,12537,1000,17.4817484313399,1.68605507022204,1000
26,17357,1000,17.4054294066699,1.73691494546446,1000
26,17697,1000,17.4952937618853,1.70728161900576,1000
27,808,1000,17.4651363350862,2.14035113033225,1000
27,847,1000,17.7178848779252,2.04676464931183,1000
27,2352,1000,17.8936399718893,1.77048711129052,1000
27,4324,1000,17.9034470476455,1.80840155989542,1000
27,7356,1000,18.0648140322383,1.81084051511587,1000
27,8067,1000,17.9465779586163,1.79844120952129,1000
27,12338,1000,18.1005209285761,1.79604379350058,1000
27,12924,1000,18.0379540047146,1.72340709034576,1000
27,16545,1000,18.0305739647973,1.72119631846728,1000
27,17071,1000,18.1116688185063,1.72044060797842,1000
27,17364,1000,18.039674613853,1.78986988703429,1000
28,2922,1000,18.6079226209938,1.9769714166768,1000
28,9046,1000,18.7031880152425,1.83707668547267,1000
28,10259,1000,18.6028210971631,1.80880781259728,1000
28,13545,1000,18.7329427471114,1.80201520396769,1000
28,13650,1000,18.7018406154847,1.75415085093239,1000
28,17062,1000,18.6740243654494,1.89772928727242,1000
28,19882,1000,18.7987377271416,1.76523456180348,1000
29,1160,1000,18.7659311757815,2.17150409937997,1000
29,2613,1000,19.1747222760364,1.93394960222803,1000
29,6241,1000,19.2887875702614,1.82126561518958,1000
29,6915,1000,19.3501526063062,1.87155280593732,1000
29,7616,1000,19.3443857160601,1.82896914612929,1000
29,7931,1000,19.3579062107494,1.79130780204928,1000
29,9653,1000,19.3989071772442,1.87359294511246,1000
29,10048,1000,19.2473016628947,1.94162319484141,1000
29,14631,1000,19.3248498127108,1.87976125096488,1000
29,15154,1000,19.3114024823069,1.81659575112641,1000
29,15535,1000,19.3784725679626,1.80537460774618,1000
29,16715,1000,19.4380991118584,1.87497911348278,1000
29,18518,1000,19.3726103237743,1.8301337160026,1000
30,435,1000,18.8219815742133,2.56159970373645,1000
30,1974,1000,19.6438831102376,1.97372074838641,1000
30,3293,1000,19.8681658934019,1.96285310722103,1000
30,4228,1000,19.9385306388581,1.9511848130854,1000
30,4602,1000,19.8570177000684,2.00838897568445,1000
30,8408,1000,19.9614669123319,1.86155917013003,1000
30,9686,1000,19.930379920028,1.9014964535217,1000
30,13572,1000,20.1190853429031,1.86890591083445,1000
30,19447,1000,20.0730646508573,1.81211134939967,1000
31,4417,1000,20.5588619687098,2.00641512470044,1000
31,5581,1000,20.5224681866599,1.98562657360135,1000
31,12363,1000,20.6358379295878,1.96708445623818,1000
31,15773,1000,20.6337086102777,1.96780622338108,1000
31,16612,1000,20.745742986979,1.88092543623282,1000
31,17937,1000,20.7421137227368,1.81899742453935,1000
31,18472,1000,20.6727468852792,1.87211033092562,1000
31,19526,1000,20.6974926139432,1.85477500121786,1000
32,920,1000,20.454093086419,2.35469194659312,1000
32,12318,1000,21.2530416747749,1.9098087189822,1000
32,14490,1000,21.3579982924584,1.88879270052851,1000
32,18103,1000,21.332584278817,1.92038843140181,1000
32,19680,1000,21.3514977250462,1.98380700435904,1000
33,516,1000,20.6022197204763,2.60257030455504,1000
33,2487,1000,21.7098357004771,2.09860738824289,1000
33,2806,1000,21.6385441272144,2.16160603249301,1000
33,4211,1000,21.8222365015212,2.06806199714277,1000
33,4679,1000,21.7830944341904,2.10111618080986,1000
33,7941,1000,21.8544081554316,1.99436108107785,1000
33,9336,1000,21.896495611822,1.9631947592781,1000
33,14411,1000,21.9979707996183,1.99600912243101,1000
33,17990,1000,21.9677990687708,1.96515440055322,1000
34,2490,1000,22.1926985082243,2.22385984208109,1000
34,2641,1000,22.1875802500169,2.28899730470801,1000
34,5050,1000,22.3916670828027,2.10115385096574,1000
34,5571,1000,22.5362201625577,2.07494790015125,1000
34,9977,1000,22.6546957504118,2.07287105191901,1000
34,10148,1000,22.5401579013908,2.04807747357851,1000
35,2722,1000,22.9589026624937,2.20171127092315,1000
35,11252,1000,23.3417867613493,2.06500810978616,1000
35,11453,1000,23.1514977482481,2.10421082955629,1000
35,17572,1000,23.2547413387721,2.01691941799009,1000
35,17911,1000,23.298894512264,2.01838208041747,1000
36,3667,1000,23.5418605360287,2.26104248176574,1000
36,11264,1000,23.8629924295125,2.22295628036226,1000
36,11656,1000,23.8795462348421,2.08304963028371,1000
36,14579,1000,24.041247851517,2.09869957604091,1000
37,1801,1000,23.8182941199182,2.42954368164235,1000
37,2188,1000,24.0562513678746,2.36885746130246,1000
37,2701,1000,24.1297364949698,2.318723190623,1000
37,3166,1000,24.0925025030467,2.28700989019625,1000
37,5008,1000,24.2732365735416,2.28428228852146,1000
37,10913,1000,24.5645751945969,2.11541786958749,1000
37,14211,1000,24.6012347324705,2.1523832017929,1000
38,11061,1000,25.132551918368,2.1962249445426,1000
38,12392,1000,25.128103346242,2.2357978261706,1000
39,1728,1000,24.8406397664029,2.53977439620785,1000
39,2073,1000,25.0695947474539,2.49531493539622,1000
39,3558,1000,25.4059082890594,2.36214693619894,1000
39,6113,1000,25.7062585175468,2.29545183283732,1000
39,9372,1000,25.7255298710607,2.19149988203689,1000
39,13682,1000,25.8302779090617,2.20744339932584,1000
40,336,1000,23.205266914682,3.63955774173133,1000
40,5884,1000,26.2253325974945,2.303686121267,1000
40,10624,1000,26.4358649176124,2.16029798032194,1000
40,14571,1000,26.4073608242052,2.2222477133574,1000
41,873,1000,25.2313510108947,3.10302264562595,1000
41,2701,1000,26.5925880504006,2.53702228061028,1000
41,3717,1000,26.5262207908322,2.31560300687579,1000
41,6789,1000,26.9100758674616,2.31916087341181,1000
41,15570,1000,27.2133430542995,2.17627242938658,1000
41,15824,1000,27.1442713645636,2.21815639440677,1000
41,16097,1000,27.1508904530051,2.21954366992135,1000
42,5600,1000,27.4779531929921,2.48330233935783,1000
42,6205,1000,27.574718592593,2.43718375484361,1000
42,6478,1000,27.547956980559,2.36173593588636,1000
42,6791,1000,27.5928484827529,2.42516979622456,1000
42,9595,1000,27.6027754560031,2.34748718284568,1000
42,11971,1000,27.5941564510949,2.23102880136878,1000
42,12687,1000,27.6284476129095,2.29459822486299,1000
42,16161,1000,27.7930616338016,2.2112869149775,1000
42,17723,1000,27.7612931162288,2.24273459446916,1000
43,776,1000,25.8879158287335,3.24678645485863,1000
43,2048,1000,27.4032342199513,2.601942578577,1000
43,8698,1000,28.2892198111063,2.35803061217631,1000
43,9043,1000,28.1936136611445,2.33394676229092,1000
43,9542,1000,28.4054877509087,2.3982698326506,1000
43,10860,1000,28.3852143838512,2.37050667366319,1000
43,12231,1000,28.3723917867116,2.33277420856882,1000
43,13765,1000,28.2168884194858,2.32850378825896,1000
43,14401,1000,28.3678240628246,2.41978737879918,1000
43,14557,1000,28.4001571228837,2.26814662272855,1000
43,15151,1000,28.3279693710474,2.28734574802915,1000
43,18575,1000,28.5391802656603,2.24417941707558,1000
44,4142,1000,28.4866788814976,2.6213136665746,1000
44,6804,1000,28.8745860934696,2.37458175350309,1000
44,8479,1000,28.8009222579801,2.32842117015715,1000
45,473,1000,26.051518325443,3.69151901575369,1000
45,7600,1000,29.4810854749336,2.57921085649038,1000
45,9324,1000,29.6041498209264,2.39958344766499,1000
45,15219,1000,29.7109449289827,2.35912346543081,1000
46,5237,1000,29.7080842935137,2.46623121173207,1000
46,7170,1000,30.0312223715977,2.45266507388608,1000
46,11438,1000,30.3382368714819,2.37702288698682,1000
46,12205,1000,30.2571255890815,2.40258608127152,1000
46,14215,1000,30.4570670697242,2.31264580878927,1000
46,14378,1000,30.4508332278368,2.35864794378788,1000
46,15666,1000,30.3500184090608,2.5095718817992,1000
46,17788,1000,30.3261048863856,2.38698615025407,1000
47,1398,1000,29.1260058402068,3.20952586456227,1000
47,6220,1000,30.5222129060818,2.45775368762507,1000
47,7605,1000,30.7165070677404,2.49739213945171,1000
47,9322,1000,30.7541116800452,2.60380563533906,1000
47,9453,1000,30.87032474737,2.55205351961633,1000
47,9515,1000,30.740860849721,2.51028492738754,1000
47,12433,1000,30.8860622781257,2.4537753748237,1000
47,13647,1000,30.7652654840187,2.36839706995284,1000
47,14887,1000,31.0504560961272,2.46657182043245,1000
47,16372,1000,30.9162796705979,2.39665707072161,1000
47,18381,1000,31.0637219511118,2.41368650778739,1000
47,18777,1000,30.9407294348761,2.5223041091921,1000
48,1343,1000,29.5999929972597,3.19115098521245,1000
48,3373,1000,30.832333981996,2.76618052140744,1000
48,3795,1000,30.7790394133183,2.70445250299856,1000
48,7385,1000,31.356262513472,2.57234890975418,1000
48,9223,1000,31.4994464744602,2.52706156563658,1000
48,11344,1000,31.5972416513997,2.45699065773014,1000
48,14857,1000,31.6271103087011,2.50107933531492,1000
48,17099,1000,31.6516249282091,2.43251422596179,1000
48,19641,1000,31.7675172692529,2.43530175278725,1000
49,712,1000,28.7687971445457,3.75499611241957,1000
49,2729,1000,30.9625877960204,2.93466111754226,1000
49,2974,1000,31.2542521851463,2.80831360605269,1000
49,10479,1000,32.0717934417637,2.62638920650441,1000
49,12174,1000,32.2405946676892,2.43213617271987,1000
49,12509,1000,32.1924266412051,2.38168269395589,1000
49,13869,1000,32.123072525902,2.53375490576505,1000
49,18766,1000,32.3668707945864,2.4883560818727,1000
50,2389,1000,31.6637126229785,2.99190102323824,1000
50,2507,1000,31.4542421875584,2.88630938107056,1000
50,2729,1000,31.6070578039672,2.85756849192662,1000
50,4187,1000,32.1346138778274,2.90029484715431,1000
50,4816,1000,32.2268149921163,2.65957227222481,1000
50,5576,1000,32.4357697881542,2.67990519537679,1000
50,6826,1000,32.6452882474595,2.58920407150986,1000
50,7335,1000,32.5022629420411,2.66602666764424,1000
50,8956,1000,32.5616431199513,2.5402492530333,1000
50,11468,1000,32.85756567991,2.52250849318026,1000
50,16388,1000,32.7741672663181,2.53796713586588,1000
50,16825,1000,32.8818092423348,2.56581745190473,1000
50,16894,1000,32.8800278930191,2.5472577485491,1000
50,17732,1000,32.9807636617967,2.55783331258696,1000
51,1212,1000,30.7326634780636,3.39441863745664,1000
51,4335,1000,32.8125999602664,2.851419220975,1000
51,4758,1000,32.824063749863,2.90956311473041,1000
51,5518,1000,32.9317793013552,2.75474652474303,1000
51,9108,1000,33.3525692814281,2.73668314994028,1000
51,9129,1000,33.3716107832114,2.61412901888161,1000
51,14912,1000,33.3959294943139,2.63657353295438,1000
52,3271,1000,33.0026821160667,2.96835552232797,1000
52,3287,1000,33.0150430817426,3.05760729506274,1000
52,3907,1000,33.2130701216341,2.99752858717722,1000
52,4923,1000,33.5647803888223,2.8192444324406,1000
52,15226,1000,34.1846883516368,2.49270060724637,1000
52,16868,1000,34.1928160577973,2.52753633598349,1000
53,1500,1000,32.158463375535,3.59119062096984,1000
53,2615,1000,33.2366046250611,3.0660417344014,1000
53,6485,1000,34.2008265928686,2.58315696930887,1000
53,7866,1000,34.3613244707968,2.82832712896415,1000
54,4660,1000,34.5877414768309,2.89169981513779,1000
54,4819,1000,34.4846282398108,2.83594753092017,1000
54,5370,1000,34.722436992022,2.86549395054289,1000
54,6269,1000,34.8862761646976,2.84425337736864,1000
54,6457,1000,34.8522972481718,2.85309145029869,1000
54,12243,1000,35.3139915450529,2.63049714322114,1000
54,13666,1000,35.3652813012552,2.73243243456467,1000
54,14347,1000,35.4795177532241,2.53331750430484,1000
54,14951,1000,35.3420953749009,2.66387366661265,1000
54,15022,1000,35.3881367324519,2.65997038545265,1000
54,15043,1000,35.290026872005,2.71596550402503,1000
54,19121,1000,35.410393293879,2.62586154343368,1000
54,19360,1000,35.5448315057538,2.60495157742968,1000
54,19539,1000,35.5382160763387,2.64684150623968,1000
55,2943,1000,34.4881924504569,3.19107714530654,1000
55,9570,1000,35.8137622462568,2.68714108443731,1000
56,4176,1000,35.5650877635071,3.11549080290512,1000
56,5258,1000,35.9776362011279,2.96024884918177,1000
56,5932,1000,36.0011087395676,2.96588269443271,1000
56,6971,1000,36.2638619652374,2.91179859581623,1000
56,10097,1000,36.5092809596147,2.77152905892833,1000
56,15253,1000,36.7989842022263,2.59140231709711,1000
56,17641,1000,36.8074262369658,2.72393786212868,1000
56,18046,1000,36.5947951033556,2.69707673836461,1000
57,11228,1000,37.2765869901587,2.70860678985149,1000
57,14496,1000,37.3440987524309,2.74526757214546,1000
58,2537,1000,35.8754399708256,3.35676111631088,1000
58,2985,1000,36.1813007671435,3.25291053959289,1000
58,3245,1000,36.1973967390642,3.10376096113506,1000
58,8624,1000,37.4577533606333,2.91952704969748,1000
58,11196,1000,37.9134362592231,2.85432796208036,1000
58,15056,1000,37.9469609949466,2.86709232310885,1000
58,18589,1000,37.9807203948537,2.70037345017093,1000
58,19830,1000,38.0929847250423,2.76610661047694,1000
59,114,1000,37.1516401499948,4.93595102105332,997
59,1965,1000,35.7270517524138,3.74333571635998,1000
59,7435,1000,38.0152041568539,3.15496729169553,1000
59,8526,1000,38.1218335317141,2.99216083723398,1000
59,10086,1000,38.2705504595443,2.84797785440552,1000
59,13664,1000,38.5433291957253,2.92596661110637,1000
59,16380,1000,38.6145305319495,2.7693765277678,1000
59,17754,1000,38.6885756810188,2.82980627171214,1000
59,18017,1000,38.6391053108994,2.76060130143807,1000
60,637,1000,32.7289837486153,4.77866888970519,1000
60,5104,1000,38.3250780176702,3.10129316405918,1000
60,6874,1000,38.7199490101019,3.01910216814739,1000
60,7354,1000,38.5244470879909,2.94061076344262,1000
60,7755,1000,38.7360524895842,3.05531179792023,1000
60,16779,1000,39.1792241361013,2.81671827924971,1000
60,18416,1000,39.2081753593934,2.77709521426906,1000
61,11649,1000,39.7676496831243,2.82002789686335,1000
61,14576,1000,39.6015792296569,2.89551806636578,1000
61,16807,1000,39.7849667957741,2.93731202458534,1000
61,17623,1000,39.7329228870116,2.88457538132918,1000
62,5090,1000,39.3320401517694,3.09639474042631,1000
62,14065,1000,40.3816956990905,2.97782713240624,1000
62,19508,1000,40.46300899058,2.77690342608004,1000
63,3615,1000,39.201186767052,3.33613851459847,1000
63,3762,1000,39.3843850567867,3.34816263108499,1000
63,6462,1000,40.0757456224775,3.04747568466792,1000
63,7463,1000,40.2400677745526,3.18170136723653,1000
63,7590,1000,40.3893884937966,3.20545990764288,1000
63,14060,1000,40.9310793958588,2.81814385050433,1000
63,16387,1000,40.9586140848501,2.86951374812052,1000
63,18101,1000,41.0576736682088,2.95336107508212,1000
64,3751,1000,39.8299847567864,3.3597194657536,1000
64,8124,1000,41.0657184482385,3.31292650060681,1000
64,11357,1000,41.5337947661167,2.96208221680162,1000
65,569,1000,33.7694166641703,5.28374115781698,1000
65,5908,1000,41.3575273769645,3.33373230124223,1000
65,6236,1000,41.493154068419,3.36868777716472,1000
65,15379,1000,42.1097066648857,2.90330881077413,1000
65,15458,1000,42.2560350834289,2.97688147537803,1000
65,17346,1000,42.3564018482258,2.95516808231502,1000
66,74,1000,60.8598545612001,1.66573714807729,22
66,1762,1000,38.8246106119937,4.1945998227427,1000
66,4015,1000,41.3642324900282,3.63188570872585,1000
66,8602,1000,42.2214384425216,3.07515292621936,1000
66,13043,1000,42.7750522891569,3.21919122303254,1000
66,13443,1000,42.8197165733554,3.15501278125864,1000
66,14100,1000,42.7768070989737,2.92980058612142,1000
66,18112,1000,43.1007338817256,2.98185705234284,1000
66,19238,1000,43.1572800244092,2.89738091007808,1000
67,2679,1000,40.6978519845331,3.83976914832203,1000
67,3953,1000,41.6639605272405,3.54951328753294,1000
67,4032,1000,41.5582986497145,3.62607911254121,1000
67,6314,1000,42.4873473228808,3.29092030303992,1000
67,9784,1000,43.039085780863,3.24415754495885,1000
67,12677,1000,43.3789195871512,3.08751173049773,1000
67,13262,1000,43.4796590118723,3.10640578909563,1000
67,14907,1000,43.5471188770709,3.05118073279503,1000
67,16077,1000,43.4135799082307,3.07231799892765,1000
67,17173,1000,43.6152704121439,3.07627238489246,1000
67,17701,1000,43.6446588867124,2.94863248295361,1000
67,18694,1000,43.5048738121523,3.00842015848446,1000
67,18898,1000,43.5889913028685,3.03283040773003,1000
68,5387,1000,42.9230846282872,3.35705236551829,1000
68,6068,1000,43.0625288863279,3.40935529115802,1000
68,6426,1000,43.2206149687886,3.29159012887023,1000
68,8972,1000,43.7535508031942,3.24150475461887,1000
68,10807,1000,43.8843332556889,3.19635009365417,1000
68,13268,1000,43.9988011942617,3.1113360883146,1000
68,14165,1000,44.1320056806611,3.1231289410733,1000
68,15295,1000,44.1670211604314,3.11415115299589,1000
68,19645,1000,44.2722488910574,2.97093358508736,1000
69,2960,1000,41.9662600632812,3.99345976802128,1000
69,4666,1000,42.977475982496,3.70909663985256,1000
69,6539,1000,43.7278519747046,3.50263613236477,1000
69,8032,1000,44.0815404896419,3.33433204196999,1000
69,8627,1000,44.0912448933901,3.25127364248906,1000
69,9562,1000,44.2956098948427,3.26634349393051,1000
69,14858,1000,44.7823847615902,3.12765300000747,1000
69,15295,1000,44.7448955138083,3.21183153171237,1000
70,1412,1000,39.7576566427701,4.76709230400199,1000
70,2097,1000,41.27066997985,4.33353058209965,1000
70,5052,1000,43.781150508368,3.6347130216682,1000
70,7689,1000,44.6253269386157,3.2401725780925,1000
70,8599,1000,44.7814731513028,3.18039057386936,1000
70,10243,1000,45.0554889530859,3.26385084575188,1000
70,11024,1000,45.05057491808,3.15952553277144,1000
70,14112,1000,45.3347094119482,3.18925547906885,1000
70,15532,1000,45.387060622166,3.21142904856972,1000
71,1915,1000,41.2596871381366,4.36533543334506,1000
71,2420,1000,42.3151724172243,4.08706166881482,1000
71,2870,1000,42.7336269397187,3.88027119787182,1000
71,7123,1000,45.003241351218,3.33642850793792,1000
71,8654,1000,45.3580293518274,3.39467440644568,1000
71,8750,1000,45.389517886015,3.25669032205922,1000
71,12703,1000,45.8337069724702,3.13636334953605,1000
72,3802,1000,44.2636073962534,3.71590152032208,1000
72,4890,1000,44.9729825217505,3.55698044266845,1000
72,5767,1000,45.1047162221345,3.58672197206934,1000
72,9131,1000,46.0077367267068,3.38258896272548,1000
72,10060,1000,46.1232419339403,3.2641634110053,1000
72,14679,1000,46.5570009314668,3.14096743414189,1000
72,15534,1000,46.7105112488415,3.33258641405717,1000
72,18236,1000,46.862604162903,3.19007161008963,1000
72,19931,1000,46.9058300274396,3.06143502817596,1000
73,11700,1000,46.8173420681142,3.27647897246898,1000
73,17557,1000,47.273056054164,3.35018896246557,1000
74,213,1000,38.9223543850068,6.34487501586701,1000
74,4651,1000,45.8181158188241,3.82593438440917,1000
74,9119,1000,47.0895512546472,3.42267837048723,1000
74,9765,1000,47.3350775051808,3.48184695112536,1000
74,9996,1000,47.0743996923834,3.44864881079604,1000
74,11017,1000,47.5010067158123,3.34652249111282,1000
74,12459,1000,47.6219085808812,3.32454345347631,1000
74,13908,1000,47.7633591729828,3.34336438650956,1000
74,14456,1000,47.8835280819519,3.21180535808553,1000
74,19829,1000,47.9506907025003,3.28988215436673,1000
75,1415,1000,41.8579364992172,4.9550049559601,1000
75,1971,1000,43.3323011070424,4.61549642004296,1000
75,3571,1000,45.4643069402256,4.11592860596346,1000
75,6374,1000,47.0535410772304,3.73330507472094,1000
75,7262,1000,47.4115516116377,3.5486285370571,1000
75,13585,1000,48.4712873561986,3.37991974448247,1000
75,14883,1000,48.3961192707803,3.18982458352172,1000
75,16724,1000,48.6031778903116,3.37251573391341,1000
76,622,1000,38.18083643989,6.25588625439122,1000
76,3614,1000,46.0106662909044,4.06279611286773,1000
76,9138,1000,48.2186289042649,3.47970822059163,1000
76,12412,1000,48.8857683240793,3.31140122860515,1000
76,16121,1000,49.1908980078764,3.37974271108402,1000
77,1561,1000,43.0077432308012,5.09713180820642,1000
77,2328,1000,44.9081045608565,4.45702985802121,1000
77,5109,1000,47.4081533884406,3.80932412130336,1000
77,6496,1000,48.1619707171476,3.69819635218187,1000
77,7394,1000,48.3934502281063,3.70006514534155,1000
77,8803,1000,48.7404647975302,3.61083715566043,1000
77,10466,1000,49.0511057373291,3.49049974486128,1000
77,17141,1000,49.7128735686783,3.31398939076798,1000
77,17963,1000,49.8701166968637,3.2115511766111,1000
77,19722,1000,50.040955450194,3.28452613437863,1000
78,3199,1000,46.6826405999879,4.24593232012456,1000
78,3592,1000,47.0065845456206,4.14085760052493,1000
78,4949,1000,47.857067181047,4.07205621646561,1000
78,6804,1000,49.0051852090783,3.63339713482276,1000
78,14221,1000,50.0855742971306,3.44082583000998,1000
78,14348,1000,50.2859640092457,3.4171723369147,1000
78,14706,1000,50.2126822432054,3.37091853579621,1000
78,17937,1000,50.3162018525849,3.40946595472873,1000
79,1646,1000,43.9045653039513,4.9133120817413,1000
79,3304,1000,47.2533451243181,4.30366834041194,1000
79,3663,1000,47.5150364326001,4.24162463385085,1000
79,4380,1000,48.5139742983438,4.00928522392523,1000
79,5495,1000,49.1396746457342,3.88155040103376,1000
79,12290,1000,50.6494340460638,3.50525175604841,1000
79,14227,1000,50.7932767379871,3.41735604460695,1000
79,15751,1000,50.8585224021729,3.50172021017594,1000
79,19416,1000,51.3544930150919,3.2544133231959,1000
79,19593,1000,51.0555463199606,3.42321196589616,1000
79,19747,1000,51.117947929508,3.27666440027649,1000
80,434,1000,38.9034339157719,6.57924304964919,1000
80,1204,1000,42.5639400047205,5.62617829304921,1000
80,3512,1000,48.1807501793311,4.26200200485065,1000
80,4859,1000,49.0589276648452,3.92323089024111,1000
80,14229,1000,51.4971014348541,3.35801699558862,1000
80,18111,1000,51.7508038757467,3.3594035946278,1000
81,127,1000,56.0219711488179,5.47132952414697,991
81,1203,1000,43.4834275013937,5.48045100742905,1000
81,1384,1000,44.0634192403674,5.29715453926916,1000
81,9263,1000,51.2560256943658,3.80834453131734,1000
81,10396,1000,51.36438411812,3.64078836781372,1000
81,12060,1000,51.6761561026778,3.6275790881431,1000
82,1048,1000,42.858932126187,6.08914592561444,1000
82,6052,1000,50.8612933013749,4.06344050498246,1000
82,7739,1000,51.3958166672048,3.91495066091654,1000
82,8817,1000,51.6522762586201,3.6746061210864,1000
82,10247,1000,52.4158560018384,3.59965464484641,1000
82,16075,1000,52.8115481614193,3.44808157221474,1000
82,16741,1000,52.9038148843979,3.42749123141694,1000
82,18322,1000,53.0179755047727,3.4321360044767,1000
83,274,1000,41.1663920485084,6.72933402198052,1000
83,797,1000,41.563890221971,6.36014171790697,1000
83,2362,1000,47.7213440305416,5.10484192490619,1000
83,10479,1000,52.6387966820628,3.62327595342811,1000
83,12975,1000,52.8774445131564,3.60746234609181,1000
83,15466,1000,53.4568271109965,3.42189235947766,1000
83,16993,1000,53.5236925353788,3.45956998036876,1000
84,2841,1000,48.8298736465509,4.74114086050481,1000
84,4371,1000,50.923011258105,4.26555300388579,1000
84,4505,1000,51.0114140373579,4.3531254668595,1000
84,10529,1000,53.109625285171,3.78526908013171,1000
84,12055,1000,53.6147030346123,3.61427605305907,1000
84,13728,1000,53.7106596918427,3.50861248867333,1000
84,14322,1000,53.7822931423774,3.60696025019271,1000
84,15145,1000,53.802582100175,3.70337910406797,1000
84,17920,1000,54.1324573867193,3.48576010259222,1000
85,291,1000,41.5145883047089,7.05131655365897,1000
85,9382,1000,53.4802057074884,3.93921920303767,1000
85,10881,1000,53.897671287447,3.88641623437383,1000
85,13244,1000,54.3951343290536,3.55110024885503,1000
85,14173,1000,54.2195767818282,3.49370976130102,1000
85,15094,1000,54.6546365243601,3.60606952880185,1000
85,17115,1000,54.5078948230159,3.56185906841705,1000
85,17249,1000,54.5806712855853,3.52445346321394,1000
86,2853,1000,49.8942892567418,4.76591775468327,1000
86,3660,1000,51.0096641234613,4.4816898293071,1000
86,4857,1000,52.26223927258,4.39590110994707,1000
86,4986,1000,52.1799235524182,4.35103177360137,1000
86,8049,1000,53.8070065184584,3.9104483260061,1000
86,13136,1000,54.8136811266762,3.7820465166504,1000
86,13222,1000,54.5333499832869,3.52806940525104,1000
86,13327,1000,54.8338601824113,3.61665800271639,1000
86,13435,1000,54.8233917908555,3.60798631850143,1000
86,18649,1000,55.5196189528179,3.55639269387828,1000
87,373,1000,40.9513834014703,7.2071972501595,1000
87,3046,1000,50.5312704001444,4.75096977570307,1000
87,4642,1000,52.3458579469722,4.32198245323712,1000
87,7757,1000,54.172639816819,3.98920513341574,1000
87,12231,1000,55.2817563904704,3.90014315366852,1000
87,14297,1000,55.7265257359475,3.63538129274026,1000
87,17250,1000,55.9734074786492,3.6890283872008,1000
87,19782,1000,55.9151320528087,3.538972963106,1000
88,217,1000,46.8341609370184,6.95882074478081,1000
88,235,1000,44.9420629919369,7.08042649857297,1000
88,4122,1000,52.4060561885354,4.56823141538762,1000
88,5631,1000,53.6293053044101,4.1583735391374,1000
88,8042,1000,54.813033207549,3.94180280054609,1000
88,11573,1000,55.763312819089,3.79356341506179,1000
88,13692,1000,56.1786244639594,3.66756672041233,1000
88,13887,1000,55.8977815272741,3.78734306467353,1000
88,15426,1000,56.4793812121449,3.72788106106104,1000
88,18653,1000,56.5754185642356,3.51755853370964,1000
89,4000,1000,52.9201110507047,4.87100514149657,1000
89,4958,1000,53.5224541578541,4.27827597614018,1000
89,10631,1000,56.1235202421717,3.6681011797667,1000
89,13527,1000,56.5154593102429,3.85661492750467,1000
89,17311,1000,56.9080614080552,3.72949416778362,1000
90,114,1000,73.5463795373113,4.22987904728766,732
90,1628,1000,48.147480547873,5.96812700159975,1000
90,2264,1000,50.3395181225333,5.59427586195821,1000
90,8666,1000,56.1666747499052,4.13463888696407,1000
90,11825,1000,56.773979243673,3.95416380173787,1000
91,664,1000,42.8724862250281,6.76095708271348,1000
91,809,1000,44.2275781707116,6.75845475824714,1000
91,3691,1000,53.2246191564942,4.845802925476,1000
91,4001,1000,53.7955119390611,4.69014592264934,1000
91,10856,1000,57.3931411444583,3.88550364939223,1000
91,13642,1000,57.6638708905425,3.7879447838087,1000
91,18615,1000,58.2342927640823,3.81937976314937,1000
91,19794,1000,58.502216728579,3.7547346083896,1000
92,364,1000,43.2831964280451,7.3489181116682,1000
92,4100,1000,54.2488542206177,4.86716106833472,1000
92,9614,1000,57.7223177587185,4.04057532500783,1000
92,11162,1000,57.694325120963,3.90484182904141,1000
92,12577,1000,58.2425655641785,3.83594280468328,1000
92,14497,1000,58.7388910555206,3.91004969755624,1000
92,15391,1000,58.5944278085505,3.71339296153159,1000
92,17143,1000,58.6047287254079,3.64995419596562,1000
92,18097,1000,58.9507874347928,3.78888536975376,1000
92,19040,1000,59.0048751703129,3.76323780257677,1000
92,19130,1000,59.0158599673245,3.7604998115712,1000
93,2438,1000,51.8564406362705,5.52179001242095,1000
93,2554,1000,52.2945309979102,5.17210848178369,1000
93,8149,1000,57.8768383121672,4.13026874912623,1000
93,10428,1000,58.5117314355668,3.82869382487363,1000
93,12079,1000,58.7669538181247,3.94155658442875,1000
93,14180,1000,59.20915598394,3.98719316668337,1000
93,19632,1000,59.6089507913866,3.69837915446669,1000
94,5805,1000,56.7834907017771,4.44872337646539,1000
94,6898,1000,57.6898556259483,4.3683687145964,1000
94,9503,1000,58.5134176818733,4.03591163505122,1000
94,15155,1000,59.7930277933878,3.93880573338725,1000
95,4611,1000,56.3253429064725,4.85162492231493,1000
95,12914,1000,60.000527057157,4.07140589705932,1000
95,13203,1000,60.043684124827,3.93588611319337,1000
95,13632,1000,59.9978612543616,4.00626906261752,1000
95,14434,1000,60.4348677911034,3.86949631412519,1000
95,14759,1000,60.4297862580015,3.82039132852919,1000
95,16513,1000,60.6281803038214,3.84710587522776,1000
95,18211,1000,60.5913693262571,3.6335154739035,1000
96,6786,1000,58.6421727526,4.54212870873424,1000
96,10004,1000,59.9283221729615,4.07682920876745,1000
96,11201,1000,60.2598005295595,4.1548849179645,1000
96,11486,1000,60.4737388905013,4.01470700943963,1000
96,12510,1000,60.5017185617925,3.96358030054019,1000
96,15066,1000,61.1340711171941,3.84102606640369,1000
96,15950,1000,61.1637217776047,3.75096194996252,1000
96,17237,1000,61.3626114763291,4.05049310273935,1000
96,18927,1000,61.6043324727824,3.79830635892988,1000
97,460,1000,44.3388680252616,7.86507968902749,1000
97,682,1000,44.905537045077,7.09936774598276,1000
97,1248,1000,48.7084293764748,6.86196523877879,1000
97,2921,1000,54.5013052251811,5.41988075431779,1000
97,3669,1000,56.3225490910461,4.98895728335327,1000
97,5972,1000,58.335195873055,4.66553401156187,1000
97,7722,1000,59.7303229988019,4.44719138252533,1000
97,9863,1000,60.2034782477285,4.19070305730911,1000
97,15926,1000,61.6460204002565,3.87095431214174,1000
98,4485,1000,57.4495782754671,5.25289442979227,1000
98,5623,1000,58.6977294032319,4.82086838837019,1000
98,8610,1000,60.6774657086971,4.46495121610474,1000
98,13513,1000,62.0529900243097,4.05855207417278,1000
98,14556,1000,62.032392901441,4.02669375510272,1000
98,15152,1000,61.8619590652216,4.00519450845126,1000
98,15521,1000,62.3879525466401,3.84845267228736,1000
99,8719,1000,60.9038469100025,4.4216972746758,1000
99,10742,1000,61.5717241495613,4.18305610903965,1000
100,227,1000,53.3892242929631,7.77354741104719,1000
100,2985,1000,56.1024588129986,5.39502584303397,1000
100,3070,1000,56.4168257772621,5.66627325231978,1000
100,15471,1000,63.3602282375702,3.91695276500671,1000
100,16418,1000,63.6207585258727,4.0761273728712,1000
100,17644,1000,63.5040997410933,3.96014880842545,1000
100,18022,1000,63.7751832153595,4.1581305682942,1000
100,18077,1000,63.6411490086744,4.01006205738029,1000
100,19979,1000,63.6470652955938,3.83293842403391,1000
101,722,1000,46.5196998765973,7.49029987297317,1000
101,1709,1000,52.0012896477383,6.54147542248099,1000
101,2654,1000,55.5714180351854,5.77238729415717,1000
101,7683,1000,61.7257916335525,4.66943320192143,1000
101,9417,1000,62.5177517915197,4.19589964751581,1000
101,12865,1000,63.4779031566181,4.19713505573392,1000
101,14719,1000,63.6789023005833,4.01086077304881,1000
101,19399,1000,64.3156349182204,3.99110783305943,1000
102,644,1000,46.2520786931274,7.74298783144014,1000
102,2231,1000,54.5705796425235,6.21362387501183,1000
102,3392,1000,57.7372163648828,5.55630956181698,1000
102,5133,1000,60.2332590028852,4.87067139184483,1000
102,5243,1000,60.1240063113213,5.08165424708225,1000
102,5923,1000,60.6879465185901,4.91354528169519,1000
102,10957,1000,63.5296333405485,4.43358065141207,1000
102,11574,1000,63.5808934185157,4.53125459241246,1000
102,12209,1000,63.7634219603169,4.04082123786141,1000
103,420,1000,47.0504509880732,8.00127448188156,1000
103,3078,1000,57.1716669291895,5.71274201866462,1000
103,4650,1000,59.9940433906699,4.98717909646029,1000
103,8520,1000,63.1176197418073,4.63898601342114,1000
103,9039,1000,63.3010433468388,4.47757872238485,1000
103,11058,1000,64.2645041220437,4.39794438135332,1000
103,11244,1000,64.0877777818943,4.24337545424296,1000
103,11361,1000,64.0454344979045,4.4459352900576,1000
103,13316,1000,64.6714129966874,4.24537297090736,1000
103,15199,1000,65.1343640039284,4.31548689565619,1000
104,1793,1000,53.1851653619085,6.341450114182,1000
104,4561,1000,60.3747447540616,5.38562319002129,1000
104,5168,1000,61.2274216416295,5.10313674984454,1000
104,8309,1000,63.5158311699756,4.71642797883559,1000
104,8566,1000,63.6542837053402,4.67814239368852,1000
104,11389,1000,64.4706723237909,4.36961622760379,1000
104,15229,1000,65.543928393823,4.22307274006676,1000
105,778,1000,48.0798974190695,7.8275777769042,1000
105,2242,1000,55.4934850823364,6.45008799199146,1000
105,6195,1000,62.6353745701507,5.03236984626549,1000
105,7405,1000,63.7968536487764,4.72341592379411,1000
105,7474,1000,63.5941264423802,4.70153768037571,1000
105,9620,1000,64.6522773798243,4.71890369412082,1000
105,10006,1000,65.0215493419836,4.45202634789184,1000
105,10609,1000,65.2770792979612,4.50160631317216,1000
105,11579,1000,65.5519197575548,4.49858894546847,1000
105,17314,1000,66.4800526292406,4.06594038184075,1000
106,3787,1000,59.9628543907359,5.72386098373195,1000
106,5053,1000,61.9124085081036,5.28584071880137,1000
106,6753,1000,63.8695802507386,4.75994504065543,1000
106,10356,1000,65.251018142837,4.46700762972002,1000
106,11637,1000,65.7760970298396,4.34255509386918,1000
106,16798,1000,67.233327385233,4.08297761439403,1000
106,17980,1000,67.0440644401241,4.16457309725868,1000
106,19928,1000,67.5311159610398,4.05413036137753,1000
107,2531,1000,57.5827158164344,6.11540223005521,1000
107,4660,1000,61.8555054441052,5.48146049501009,1000
107,5136,1000,62.6005848280581,5.42165753352982,1000
107,5545,1000,62.6046042675085,5.15315352696008,1000
107,8288,1000,65.0782131909941,4.60141716031528,1000
107,9882,1000,65.7959848488132,4.53921503601313,1000
107,14762,1000,67.2805693793945,4.19159741789575,1000
107,14917,1000,67.2242277126271,4.37036768727408,1000
108,270,1000,54.0303835168149,8.24982768461935,1000
108,4038,1000,61.2833070090102,5.69395279778311,1000
108,6012,1000,63.6809155894302,4.90984072157398,1000
108,12162,1000,66.8465366241862,4.53678375805745,1000
108,12582,1000,67.1403283107182,4.41094340450267,1000
108,13298,1000,67.3578411125092,4.38525241280947,1000
108,14617,1000,67.7519184347073,4.22994555210791,1000
108,14817,1000,67.8001373643633,4.45065645072013,1000
108,15398,1000,67.7450535862793,4.47607783442656,1000
109,268,1000,55.383630706484,7.96379267955138,1000
109,1810,1000,55.545815196278,6.85172793962922,1000
109,4936,1000,63.0184030308876,5.57356826030403,1000
109,5750,1000,64.0771115631267,5.24126613222022,1000
109,7553,1000,65.6353114105344,4.89641189725587,1000
109,8522,1000,66.1416820085945,4.56544028081747,1000
109,10510,1000,67.436149215221,4.71828731323843,1000
109,10575,1000,67.2580708909777,4.5803756506834,1000
109,14654,1000,68.3217186442985,4.45557361845966,1000
109,16800,1000,68.659727886524,4.38399851037606,1000
109,19549,1000,69.3341767712931,4.36513350979551,1000
110,325,1000,52.3690280857616,8.03281479135198,1000
110,4347,1000,62.8913939031334,5.66652711297933,1000
110,8675,1000,66.7165592048191,4.71105950450794,1000
110,9222,1000,67.2130684045349,4.79620924999207,1000
110,10771,1000,67.8335739373848,4.63367792524404,1000
110,14331,1000,68.8653300664961,4.5735962984004,1000
110,18561,1000,69.5601476478628,4.34230512691691,1000
110,19579,1000,69.761196384802,4.15648923160461,1000
111,166,1000,76.9840567343169,6.96619124610078,992
111,17693,1000,69.9644384123052,4.29045611745465,1000
112,1647,1000,55.1096892102728,7.44746162907764,1000
112,12287,1000,69.3302849454918,4.54637742177709,1000
112,12341,1000,69.2175139778209,4.74366942783412,1000
112,13722,1000,69.7352612225348,4.50540091084333,1000
112,16672,1000,70.3536348062684,4.40608493223388,1000
112,16695,1000,70.3344311056701,4.35326888515909,1000
112,17011,1000,70.7211590492377,4.35065061516253,1000
112,17978,1000,70.5247082182704,4.21654944028154,1000
112,18538,1000,70.883495240739,4.23905791237744,1000
112,19040,1000,70.7626590830319,4.27057690261456,1000
113,1082,1000,52.3786570345493,7.9915423789866,1000
113,3520,1000,62.2053957700605,6.04887986005937,1000
113,7119,1000,67.0890274490373,5.25017962572318,1000
113,9702,1000,68.8366447544983,4.68828386876935,1000
113,15104,1000,70.5997115750442,4.44046818732929,1000
113,16643,1000,71.0260840934997,4.40450973766922,1000
113,17521,1000,70.7918029611681,4.43462277077664,1000
113,17639,1000,71.1153698465264,4.39050250147812,1000
114,2506,1000,59.3347218313016,6.60512028111836,1000
114,5218,1000,65.2831030113622,5.49503972028112,1000
114,5244,1000,65.8789226971729,5.60716954568417,1000
114,7554,1000,68.0369309130614,5.1494842678007,1000
114,7936,1000,68.3441120378098,5.07261563981973,1000
114,8312,1000,68.6261660998002,4.96942120674764,1000
114,16062,1000,71.3480900661593,4.27948081845103,1000
114,16747,1000,71.6462001069749,4.22605501599679,1000
114,17749,1000,71.7844247270043,4.45996912708961,1000
114,19642,1000,71.9795469219881,4.3576836605342,1000
115,6109,1000,67.0758815610867,5.3752064768796,1000
115,8424,1000,69.1986500835498,5.16958451868724,1000
115,17876,1000,72.2435573522943,4.29224029961249,1000
116,3646,1000,63.598801737036,6.13430814044422,1000
116,3649,1000,63.611911405335,6.08479082123219,1000
117,344,1000,54.7775263120125,8.64520072625154,1000
117,425,1000,52.5920305094617,8.65800175043038,1000
117,1545,1000,56.3244908308676,7.39621060472687,1000
117,3509,1000,63.9784795785088,6.32711012776528,1000
117,18079,1000,73.4070448572844,4.52929292165889,1000
118,142,1000,99.7862969464319,4.62155907811076,694
118,10234,1000,71.3179578018628,4.97140050532181,1000
118,11075,1000,71.7796146605182,4.84242324407406,1000
118,15771,1000,73.6124787942968,4.62354627092739,1000
118,16699,1000,73.5042541393021,4.50080783205385,1000
119,468,1000,52.2937698657682,8.63227393211471,1000
119,876,1000,51.9758099735246,8.29135992342113,1000
119,2528,1000,61.4801229543433,6.85126519964819,1000
119,2770,1000,62.5299794589088,6.82928509592923,1000
119,3049,1000,63.1079494943669,6.60555215662977,1000
119,7524,1000,70.3547545505561,5.46610017091903,1000
119,8040,1000,70.7124523299242,5.48987190958639,1000
119,11934,1000,73.0025336841151,4.62823901565774,1000
119,16163,1000,74.1076001079003,4.85587301775922,1000
119,18097,1000,74.7197210961254,4.48293247666553,1000
120,4273,1000,66.6009689503976,6.34258892257708,1000
120,10262,1000,72.714444285058,5.05822911500855,1000
120,11017,1000,72.850899961064,5.06012671555893,1000
120,13413,1000,73.8352148481488,4.77788951500155,1000
120,17014,1000,74.7139375677876,4.78050190215297,1000
121,5771,1000,69.1039334503328,5.80100267409669,1000
121,6485,1000,70.455747935499,5.81086260807065,1000
121,7163,1000,71.1629539445122,5.34816813707067,1000
121,7833,1000,71.4009233374522,5.24492687535027,1000
121,8745,1000,72.0862137058749,5.23721780984182,1000
121,9146,1000,72.4880361792972,5.43238045939613,1000
121,9324,1000,72.7513356503484,5.19475421126944,1000
121,11101,1000,73.8799816411645,5.04523571252557,1000
121,17620,1000,75.7468990602662,4.39402420604162,1000
122,1533,1000,57.5311230573217,7.75865220139815,1000
122,8572,1000,72.5926006219571,5.4843430749143,1000
122,10570,1000,73.666354794475,5.01540934709965,1000
122,10615,1000,73.9123887530914,5.0896565048312,1000
122,11867,1000,74.6202850420104,4.96099715528009,1000
122,14340,1000,75.3834500534977,4.81035751307698,1000
122,14348,1000,75.4891015232767,4.6417308549507,1000
122,14863,1000,75.5748954737155,4.52145568713773,1000
122,15705,1000,75.4195583582576,4.76992404810734,1000
122,16824,1000,76.4022063924976,4.47256953946231,1000
123,2558,1000,63.025300083349,7.31870535019654,1000
123,6310,1000,71.3189495712261,5.77666632744432,1000
123,10709,1000,74.5668565151709,5.01888780280704,1000
123,14957,1000,76.2134543116817,4.86482140783487,1000
123,18382,1000,76.9257899413473,4.66084465453642,1000
124,4923,1000,69.3832545121418,6.06908299707946,1000
124,5579,1000,71.0069458198162,6.07772068830438,1000
124,6833,1000,72.0093728214362,5.74367889120326,1000
124,7788,1000,72.9003571044715,5.44002247117113,1000
124,12776,1000,75.9183127323939,4.90754301824918,1000
124,13712,1000,76.5061324060917,4.93101575174201,1000
124,18984,1000,77.6782754518601,4.67382751140595,1000
125,3348,1000,66.4199597022069,6.84523384948987,1000
125,7256,1000,73.0037818475755,5.47744098861823,1000
125,10523,1000,75.4347962167635,5.40647709405638,1000
125,11215,1000,75.8837267896487,5.12156539440378,1000
125,13580,1000,76.5487584663883,5.1216897723495,1000
125,16264,1000,77.680788210429,4.71535835046004,1000
125,18368,1000,78.2302495427692,4.73032856384219,1000
126,688,1000,53.437587962119,8.86958944589068,1000
126,9840,1000,75.4903388047689,5.43376318277549,1000
127,485,1000,54.9757170303457,8.94383151367323,1000
127,2812,1000,65.1450870456424,7.28917987668896,1000
127,8442,1000,74.8047168994512,5.72102070403873,1000
127,9056,1000,75.5723949786175,5.42337022432378,1000
127,12649,1000,77.5786896714805,4.99747914046107,1000
127,14751,1000,78.2712002238534,4.9650288792874,1000
127,16529,1000,78.6007880475284,4.93700695367363,1000
127,17008,1000,79.0452422756859,4.80303456034733,1000
127,19143,1000,79.2959463440874,4.7146263665256,1000
128,830,1000,54.7535969736172,8.55176206072561,1000
128,2196,1000,63.0942368383943,7.56198346112222,1000
128,3474,1000,67.8017961484876,6.94300309836011,1000
128,6109,1000,72.5652396229121,6.11781393174583,1000
128,7621,1000,74.7365384423018,5.58544060203068,1000
128,16041,1000,79.2110706596424,5.04741506087573,1000
128,18582,1000,79.860900781653,4.82670909607305,1000
129,3621,1000,68.3086895274047,7.0627497755062,1000
129,5456,1000,72.126289338774,6.35010125113676,1000
129,7622,1000,75.2378348422957,5.96213650251134,1000
129,7729,1000,75.2442932226108,5.80364427517999,1000
129,10801,1000,77.367779729378,5.47842004114312,1000
129,13423,1000,78.6617189576158,5.27661231300142,1000
129,13683,1000,79.0014419718322,5.23203953801913,1000
129,17763,1000,80.3096000939818,4.85747329030541,1000
129,19689,1000,80.5934674237091,4.71958641901693,1000
130,2535,1000,64.9955327910326,7.63673031147805,1000
130,3783,1000,69.2664993745439,6.85491710062548,1000
130,5021,1000,71.8981468286463,6.42557932139247,1000
130,7722,1000,75.6320259674022,5.74849254104167,1000
130,8855,1000,76.6089033451863,5.85527247803686,1000
130,9184,1000,77.094124030668,5.45876975629657,1000
130,12496,1000,78.8492633544464,5.25499625345259,1000
130,13044,1000,79.3520289398923,5.22024708588088,1000
130,16309,1000,80.217605909266,4.88319505387959,1000
130,16693,1000,80.4961669152655,5.09129865899619,1000
131,1563,1000,59.3815913512412,8.80753886778888,1000
131,2053,1000,62.4653580773395,8.08818363760038,1000
131,5071,1000,72.5729690209338,6.67629058532831,1000
131,6507,1000,74.9655145450946,6.16880983645907,1000
131,13661,1000,79.7847926406174,5.31947969826842,1000
131,15569,1000,80.5635495458966,5.05663341706334,1000
131,16105,1000,80.7942581541842,4.99600591573335,1000
131,18465,1000,81.3097958452376,5.17715444567706,1000
131,18821,1000,81.4044814395814,4.9685256509644,1000
132,7996,1000,76.5639731678466,5.88837465878656,1000
132,10258,1000,78.4432983541441,5.69938411989032,1000
132,11319,1000,79.3775608386777,5.44712001322129,1000
132,14090,1000,80.7024377588178,5.04590317010702,1000
132,15335,1000,81.1427546274544,5.00143027503819,1000
132,19212,1000,81.8841031910898,4.93430367691349,1000
133,552,1000,56.1828058830752,9.34938300845362,1000
133,2791,1000,66.8969128255321,7.48935475142785,1000
133,3103,1000,67.9505206317171,7.37770541815473,1000
133,3428,1000,69.129720118062,6.99749943827923,1000
133,5833,1000,74.8809717870591,6.30096204038143,1000
133,9402,1000,78.454809273222,5.84107955087591,1000
133,13152,1000,80.4623234817679,5.30399590782297,1000
133,18616,1000,82.3303602393575,5.11538525515751,1000
133,19649,1000,82.4886745721028,4.8299961142212,1000
134,555,1000,56.4699966992207,8.98079747488576,1000
134,938,1000,56.3720665985678,9.49445048035607,1000
134,2383,1000,65.9293576590589,8.21799576493056,1000
134,6306,1000,75.5558243651048,6.31744307350858,1000
134,9199,1000,78.9979309435447,5.70794522944182,1000
134,9782,1000,79.2574825077567,5.86006127835632,1000
134,11148,1000,80.2347090815382,5.45275099275152,1000
135,158,1000,116.836820930147,4.80848388997424,624
135,1698,1000,62.1972186622381,8.70257541570358,1000
135,5281,1000,74.5875110724264,6.62422436531003,1000
135,7314,1000,77.2604929823367,6.10726347029636,1000
135,7893,1000,78.0054030967555,5.85431987529034,1000
135,9839,1000,79.9635803097925,5.40848977265621,1000
135,14944,1000,82.70982304423,5.15958151395132,1000
135,16517,1000,83.0933288288985,5.2590878044447,1000
135,17053,1000,83.1897909083153,5.17941244893805,1000
136,1752,1000,62.3704622215635,8.3928653537092,1000
136,2166,1000,64.4743379667996,8.53827034627337,1000
136,2514,1000,66.521675995634,8.49897112813168,1000
136,4766,1000,73.704921277907,6.94608820162139,1000
136,10149,1000,80.3597394913272,5.59978847034895,1000
136,13358,1000,82.4451075506024,5.31799033611003,1000
136,14426,1000,82.9391727282028,5.30475487788291,1000
136,14948,1000,82.9873199501965,5.12284929412765,1000
136,18879,1000,84.105688976219,5.1980881420171,1000
136,19579,1000,84.5846076001067,5.05546099940346,1000
137,1160,1000,58.2525691262856,8.95349240761676,1000
137,2326,1000,65.7730011823826,8.3944822345709,1000
137,3301,1000,69.9298599621644,7.4204901881494,1000
137,9776,1000,80.7021619491033,5.83032132287525,1000
137,13297,1000,83.186160959592,5.61127632709679,1000
137,13632,1000,83.1429861803142,5.38637481271613,1000
137,14178,1000,82.9644452262395,5.40365843734529,1000
137,17402,1000,84.3386640831371,5.22750604337515,1000
137,19534,1000,84.7372596321602,5.08695403960451,1000
138,1222,1000,59.0219992996411,8.96185063865667,1000
138,1677,1000,62.6394720210692,8.44207390305013,1000
138,2871,1000,68.6106372443849,8.02972335951446,1000
138,7265,1000,78.5537118293134,6.52421457901379,1000
139,2299,1000,66.0628649148498,8.12725590921634,1000
139,2641,1000,68.2898587599961,7.93565886967434,1000
139,5002,1000,75.4400620965588,6.6011624827357,1000
139,7203,1000,79.000640613413,6.59315499408246,1000
139,15797,1000,84.7372302013799,5.43282800477451,1000
139,16036,1000,84.9401932750478,5.22436620271915,1000
140,2632,1000,68.2156831668474,8.38014079548377,1000
140,4967,1000,75.1968093046381,6.8086220218718,1000
140,9429,1000,81.7040790564888,5.97591144813806,1000
140,16629,1000,85.3555396103098,5.37151917062678,1000
140,18041,1000,86.1424215513167,5.40621626120361,1000
141,4847,1000,75.8387444030267,7.4201970742215,1000
141,5675,1000,77.4924692777658,6.78257799489277,1000
141,7871,1000,80.716974877395,6.22377202925925,1000
141,9254,1000,81.9318002068874,6.06961055697466,1000
141,10300,1000,82.7555459264199,5.86355294393802,1000
141,16338,1000,86.1255454461706,5.08855248622796,1000
142,10596,1000,83.6807537842043,6.03181774713094,1000
142,10964,1000,83.8209725422463,5.9576889695963,1000
142,13163,1000,85.5364893782306,5.53403387605965,1000
142,13900,1000,85.4280734481812,5.7007559116146,1000
142,14863,1000,86.1388749804454,5.49295013085184,1000
142,19565,1000,87.816226513301,5.3964089316161,1000
143,1313,1000,61.0899686403933,8.99856875870266,1000
143,3730,1000,73.1314521384535,7.63409646516278,1000
143,11412,1000,84.8371294093432,5.77125665852465,1000
143,17378,1000,87.5182586925561,5.28787169554827,1000
143,17934,1000,87.5830113672017,5.26048246418336,1000
144,1715,1000,63.9400049217173,8.85254131370156,1000
144,3653,1000,73.3745830748024,7.77706033091166,1000
144,4078,1000,74.5740419968977,7.90278044429313,1000
144,11386,1000,84.761583606169,5.87962472009944,1000
144,13042,1000,86.3050219661136,5.68719949724571,1000
144,14300,1000,86.7154818830901,5.45758579376751,1000
144,14441,1000,86.9613173631491,5.40554384058011,1000
144,16329,1000,87.6202401854289,5.43805730890948,1000
144,18466,1000,88.0932136180432,5.39696954379061,1000
145,1888,1000,64.9480582284035,8.81350243417734,1000
145,2003,1000,65.9915373684738,8.79029532163852,1000
145,2904,1000,70.8074705431463,8.09525589984942,1000
145,5608,1000,78.3586943341974,7.14186355557474,1000
145,9418,1000,84.1498424831285,5.95811955597373,1000
145,10175,1000,84.6420554196841,5.90067988593087,1000
145,10357,1000,84.6234407063232,6.25907741823793,1000
145,13951,1000,87.3082690746062,5.83254423568279,1000
145,17765,1000,88.5540333006032,5.48124411460935,1000
146,1097,1000,59.8633298160544,9.51484759823046,1000
146,3935,1000,75.0518642043483,7.86818870565842,1000
146,6126,1000,79.913651680828,6.89998628698636,1000
146,7091,1000,81.759827405789,6.80554198885921,1000
146,12058,1000,86.6545940549476,5.99356949780666,1000
146,14711,1000,88.20783918865,5.65742020476333,1000
146,15314,1000,88.1301346276803,5.70603766844131,1000
147,711,1000,59.0646349833472,9.36732138930643,1000
147,2134,1000,67.1397503995336,8.78449549888716,1000
147,7646,1000,82.8099492857387,6.59573266916625,1000
147,8503,1000,83.8682628241791,6.27996572500723,1000
147,10120,1000,85.6970394155044,6.28283314622528,1000
147,11671,1000,86.3536185259503,5.91553882745842,1000
147,16363,1000,89.1528370179178,5.60810454527766,1000
147,17449,1000,89.5790371945509,5.57768656292372,1000
148,1877,1000,65.508243735702,8.90146491847717,1000
148,2483,1000,69.4868671980593,8.86559188511138,1000
148,7936,1000,83.5995135334808,6.54286764890232,1000
148,8493,1000,84.1345668236108,6.59960320043758,1000
148,8601,1000,84.8335127202723,6.57948410988862,1000
148,14251,1000,88.5659617257751,5.55386117775659,1000
148,16273,1000,89.8655195453345,5.82006088774877,1000
148,16805,1000,89.7342900059231,5.79109924258745,1000
148,18586,1000,90.5031289566379,5.62581957264002,1000
149,2809,1000,71.1217971392388,8.45739054168761,1000
149,3921,1000,75.5497182903449,8.12175078662167,1000
149,7332,1000,83.2086299198296,6.77431732494665,1000
149,7396,1000,83.6272800270371,6.93839783359927,1000
149,9725,1000,86.1106669013012,6.43001209571418,1000
149,9939,1000,86.0757123222914,6.34221399204887,1000
149,11305,1000,87.4726835988267,6.10011224933893,1000
149,11732,1000,87.6529349837562,5.9042403056487,1000
149,19341,1000,91.1649114797564,5.39645923662484,1000
150,5018,1000,79.4722758819367,7.38263588073691,1000
150,6300,1000,81.8499401920414,6.96731764395183,1000
150,9767,1000,86.7147520564671,6.3482975839097,1000
150,10413,1000,87.149751978133,6.17951628929901,1000
150,19413,1000,91.4326499820558,5.61190919078422,1000
151,11397,1000,88.2498104363847,6.221155491743,1000
151,13149,1000,89.640286770734,6.17011879177497,1000
151,14478,1000,89.7355861031286,6.03590290465655,1000
151,14893,1000,90.6913537724307,5.894133488964,1000
151,16386,1000,91.3786968323871,5.68877434397475,1000
151,16918,1000,91.4615269734267,5.5501174126061,1000
151,18204,1000,91.6235688771824,5.64942471827885,1000
152,1076,1000,61.4881648902809,9.76494906170916,1000
152,1545,1000,64.8323709097714,9.51823552240109,1000
152,2892,1000,72.6982664402982,8.3498521575987,1000
152,9528,1000,87.0800838167276,6.65292525083811,1000
152,9674,1000,87.096419262288,6.60825606158605,1000
152,11469,1000,88.8380970108729,6.18531668580396,1000
153,5535,1000,81.2414713700084,7.58200426087031,1000
153,10588,1000,88.7891534270457,6.34277955580279,1000
153,13281,1000,90.5049862870783,6.100240276525,1000
153,15993,1000,92.1156488463611,5.92120364724288,1000
153,17087,1000,92.4696083251019,5.85857333126988,1000
153,19227,1000,93.1458597941048,5.74779746343341,1000
154,156,1000,152.995832992064,0.256712625403018,2
154,2770,1000,72.0816048847444,8.82719393242461,1000
154,3753,1000,76.5147564833703,8.18556466346147,1000
154,3837,1000,76.8820232117622,8.08413699800229,1000
154,11113,1000,89.227758587601,6.33594035129451,1000
154,12217,1000,90.5106596590466,6.14152883769334,1000
154,14335,1000,91.7187437539653,6.12620289828086,1000
154,14945,1000,91.6719696257906,5.74738643351799,1000
154,18790,1000,93.9121946016217,5.66194012120837,1000
155,2564,1000,71.3212222665484,8.51511027563957,1000
155,4423,1000,79.2441724579703,7.71198362696845,1000
155,4476,1000,79.1593371125761,7.83974531974392,1000
155,6730,1000,84.6294729118309,6.94711543434383,1000
155,9091,1000,87.7343531943756,6.91294287858762,1000
155,10895,1000,89.6706165381669,6.23862052816471,1000
155,14006,1000,92.1134451134719,6.05936882406504,1000
155,14984,1000,92.3579266082444,6.06743260675546,1000
155,16265,1000,93.0647774834613,6.00199864002984,1000
156,603,1000,63.0988936997427,9.83078244112171,1000
156,4406,1000,79.6520119301864,8.10594049008759,1000
156,7605,1000,86.4297119410463,6.85530122776239,1000
156,7692,1000,86.6462909184299,6.92907893168447,1000
156,8372,1000,87.2744161447666,6.83761780818269,1000
156,11624,1000,91.0673717293913,6.45818185754011,1000
156,14779,1000,93.1645754550017,5.93218970215143,1000
156,19338,1000,95.1065697845916,5.76473463819589,1000
157,312,1000,83.4348472442863,10.0991569434289,1000
157,1639,1000,66.2569696195318,9.32570907631566,1000
157,5757,1000,83.3092813433365,7.48483617175638,1000
157,5777,1000,83.403069238173,7.83949796102736,1000
157,7056,1000,86.1621977531195,7.35675433932373,1000
157,7795,1000,87.1245482530438,7.14727200195483,1000
157,12924,1000,92.2237364812304,6.10853383342081,1000
157,14680,1000,93.192159829639,6.1770853962464,1000
157,15988,1000,94.1732932351803,5.83281974843098,1000
158,1042,1000,63.1302492781473,10.1368211924551,1000
158,3919,1000,78.3594046779486,8.54503084657953,1000
158,7382,1000,87.1968943669472,7.52416868439126,1000
158,17750,1000,95.2750723726148,5.92579751757489,1000
158,17761,1000,95.0921662999169,5.71087367675008,1000
159,5260,1000,82.8369762736852,7.67691801579949,1000
159,6207,1000,85.0302273836467,7.29509993143974,1000
159,8802,1000,89.5495546839334,7.016324274579,1000
159,9570,1000,90.2359892611776,6.63499567368964,1000
159,13516,1000,93.3776612166741,6.15954045428546,1000
159,16418,1000,95.045720454837,6.07833139639118,1000
160,3844,1000,78.3799759327389,8.41829373376225,1000
160,7619,1000,87.8722856802472,7.19907942713455,1000
160,12579,1000,93.2589363212515,6.5590692117907,1000
160,16369,1000,95.6681933240959,5.96374861501762,1000
160,16913,1000,95.8081253440589,6.17423103922892,1000
161,7335,1000,88.2949241164322,7.34775940456346,1000
161,10298,1000,92.0283472006496,6.8269775476396,1000
161,11771,1000,93.5656412737553,6.53442476903696,1000
161,12762,1000,94.0306953856691,6.40552622956984,1000
161,17106,1000,96.8070489519132,5.94353624799613,1000
162,2160,1000,71.0966851791597,9.74527275042208,1000
162,3765,1000,78.3259979782358,8.81932239611243,1000
162,8301,1000,89.6914249722402,6.90444823000196,1000
162,8364,1000,89.759556526754,6.91553742897214,1000
162,15151,1000,96.1925862282432,6.33137193524867,1000
162,18975,1000,97.6415767067764,5.93583576515972,1000
163,1856,1000,69.0806287447861,9.8401300422795,1000
163,5289,1000,84.0672430693223,8.13405790394313,1000
163,5382,1000,84.6816671992218,8.09241348536223,1000
163,15838,1000,96.7546614740654,6.09305504204302,1000
163,17188,1000,97.4181913728835,6.17755992372083,1000
163,18103,1000,97.7193703462861,6.02637234376522,1000
164,3514,1000,78.8787251478842,8.65295773606664,1000
164,3805,1000,79.4587876850655,8.8417790224585,1000
164,13417,1000,95.8490184794218,6.32303614168598,1000
164,14291,1000,96.3455207338028,6.56017999327266,1000
165,381,1000,79.2059447282555,11.1531324182263,1000
165,1427,1000,67.0268012653369,10.3583651245059,1000
165,5047,1000,84.1379306213808,8.29741227524315,1000
165,6257,1000,87.4388743865583,7.86204548928167,1000
165,7191,1000,89.0187237863658,7.23051358609624,1000
165,7820,1000,90.2287572490848,7.08063983986647,1000
165,9660,1000,92.8066288989672,7.02301454474232,1000
165,13529,1000,96.523125789528,6.66221836045315,1000
166,2128,1000,71.4013373734666,10.0786831615125,1000
166,3145,1000,77.2702062629498,9.39018346378972,1000
166,13047,1000,96.4881418039488,6.47552002414548,1000
166,13169,1000,97.0108688147297,6.39665279181966,1000
166,13336,1000,97.03766407496,6.34553240614397,1000
166,14770,1000,97.6208046229187,6.37114227706053,1000
166,16687,1000,98.6019203014112,6.20881258095759,1000
166,17599,1000,99.3454074286826,6.1885106927877,1000
166,18154,1000,99.4610094809847,5.85454016485215,1000
167,3929,1000,81.2766831341632,8.96628307694261,1000
167,17096,1000,99.4329862511086,6.31930584732497,1000
167,19630,1000,100.336143608831,6.06190857295579,1000
168,3438,1000,79.0877854861813,9.23432299971963,1000
168,5606,1000,86.653572323318,8.20527964570999,1000
168,17897,1000,100.150832168698,6.08622849307413,1000
169,3161,1000,78.491632499679,9.29159199494486,1000
169,3509,1000,79.6066732036422,9.38902503144465,1000
169,8958,1000,93.5639130386766,7.29867234929119,1000
169,9020,1000,93.4476662574488,7.37187143782667,1000
169,9826,1000,94.454853905304,7.09576200213508,1000
169,12602,1000,97.5571907410451,6.74898818769024,1000
169,15723,1000,99.34821113894,6.53748455530111,1000
169,16359,1000,100.454382670807,6.27327053380171,1000
169,18477,1000,101.122569050074,6.12854146410497,1000
169,18711,1000,100.961342795983,5.98043560280774,1000
170,4197,1000,82.4373223309391,8.993064243637,1000
170,4319,1000,83.1385908477214,9.111688874213,1000
170,5343,1000,86.166094268923,8.54780499097632,1000
170,6730,1000,89.8291559425593,7.7454165017061,1000
170,7715,1000,91.8984692132187,7.80859018613005,1000
170,14667,1000,99.5028709872202,6.46643963462662,1000
171,212,1000,137.846862723875,6.98282607728884,969
171,1063,1000,66.1434977058836,10.7562320620318,1000
171,5223,1000,86.3362475616044,8.66618605076075,1000
171,7351,1000,92.0554865740379,7.82222602336954,1000
171,10404,1000,95.9832004509001,7.00606084526671,1000
171,12154,1000,98.2412091060268,7.00658031106406,1000
171,12499,1000,98.166065965767,7.00866079161653,1000
171,13991,1000,99.3862645763729,6.77683949861909,1000
171,14155,1000,99.7068928164311,6.5966248620641,1000
171,14341,1000,99.5835984545837,6.73232091722449,1000
171,14511,1000,99.8268424222961,6.55319464762246,1000
171,19945,1000,102.388131008428,6.13114567914065,1000
172,2517,1000,76.0560408975804,9.8557476324038,1000
172,4505,1000,84.301997057755,8.54223240491405,1000
172,5738,1000,88.2348459632921,8.40342932103013,1000
172,6990,1000,91.3302013756002,7.84359718525214,1000
172,9954,1000,96.0095318194954,7.27622735606162,1000
172,11324,1000,97.2590240978472,6.8403492664779,1000
172,11554,1000,98.1358225606578,6.74668050573812,1000
172,14735,1000,100.286799238466,6.51388509575381,1000
173,6282,1000,89.8838041971144,8.17797993694891,1000
173,8280,1000,94.0258535054783,7.93206213388793,1000
173,10575,1000,97.1168164147164,6.89590768433641,1000
173,13229,1000,100.035836843258,6.90834801911945,1000
173,14259,1000,100.52963326857,6.78214103020981,1000
173,15636,1000,101.764505722691,6.38701550992853,1000
173,17543,1000,102.503459921776,6.18673420613293,1000
173,19578,1000,103.454246235438,5.81373845054432,1000
174,3836,1000,82.7112513635738,9.24902573465189,1000
174,5683,1000,89.1577436492973,8.70464953057991,1000
174,8731,1000,94.6625071875704,7.57831028472329,1000
174,9235,1000,95.8287523369439,7.47299889355789,1000
174,13128,1000,100.318033409703,6.77057703951938,1000
174,18561,1000,103.25065536935,6.5241521065808,1000
174,19720,1000,104.542464685765,6.15780963551368,1000
175,9509,1000,97.0791826939481,7.73486086773768,1000
175,10094,1000,97.3365002960119,7.13253327341676,1000
175,11960,1000,99.55310234086,7.25494771450929,1000
175,12842,1000,100.731784982687,6.9103369516936,1000
175,13238,1000,100.714244755304,6.9677152182531,1000
176,2261,1000,74.5217920697699,9.9865636053943,1000
176,5462,1000,88.8727608772567,8.62752341608041,1000
176,6481,1000,91.2683529167371,8.18373790166476,1000
176,7224,1000,93.234553610291,8.26792484700755,1000
176,7929,1000,94.7215068540137,7.61697161423683,1000
176,8310,1000,95.0053302926983,7.82395123191606,1000
176,11757,1000,100.040459225501,7.06457424330665,1000
176,13165,1000,101.130473992504,7.00769646750403,1000
176,14760,1000,102.181257108505,6.84202706937144,1000
176,19302,1000,105.10174647396,6.3841725704548,1000
176,19805,1000,105.29111445654,6.43038610178596,1000
177,4232,1000,85.064790063819,9.43487312724802,1000
177,6396,1000,91.4765931718072,8.40068781179319,1000
177,8482,1000,95.8291726854505,8.09097995116866,1000
177,11628,1000,100.352870515736,7.13803747483971,1000
177,17330,1000,104.359790277197,6.61838577735601,1000
177,18201,1000,104.284501075547,6.2812142805364,1000
177,19232,1000,105.32434295809,6.74393562741056,1000
178,2986,1000,79.1669718642084,10.1128531426457,1000
178,3521,1000,82.5658360874034,9.62554752671467,1000
178,4857,1000,87.5572884003614,9.2340269379979,1000
178,5869,1000,90.5251211508905,8.75805263396217,1000
178,6226,1000,91.1929629745525,8.2236663961934,1000
178,8109,1000,95.2118544717999,7.93179846297645,1000
178,9625,1000,98.2677102890248,7.75103301173026,1000
178,16729,1000,104.734517745362,6.7837502717573,1000
178,17145,1000,105.011243557874,6.72667288965915,1000
178,17983,1000,105.184391294766,6.71804833674095,1000
179,780,1000,68.6773779070362,10.837522776939,1000
179,5477,1000,89.8867196204348,8.58793537918695,1000
179,7919,1000,95.4868870453942,7.96081059768669,1000
179,10907,1000,99.9931969420639,7.48452060011717,1000
179,11595,1000,100.473271645491,7.34440370701482,1000
179,14764,1000,103.258445553903,6.97646248764409,1000
179,17649,1000,105.417217687747,6.52916873965242,1000
180,1450,1000,69.8887355082341,10.8370578552993,1000
180,4840,1000,88.112339392661,8.98227999575607,1000
180,4916,1000,88.2853493330863,8.71424220941747,1000
180,6389,1000,92.5953903556231,8.10247292407981,1000
180,7106,1000,94.2065705782322,8.23543049918113,1000
180,13391,1000,103.076446304356,6.8574176201243,1000
180,13798,1000,103.173128998467,7.24339277613502,1000
180,14658,1000,104.204322237282,6.86014530809786,1000
180,14876,1000,104.169901483006,6.76082773732057,1000
180,18272,1000,106.501539376694,6.55906057586582,1000
180,19658,1000,107.328754487608,6.38407496138345,1000
181,3787,1000,84.057532863842,9.86140696739728,1000
181,9751,1000,99.5849191480455,8.05201664426326,1000
181,10832,1000,100.947211298107,7.19651982346866,1000
181,13306,1000,103.566968242479,7.09683458785989,1000
181,14081,1000,104.162338181108,7.31256105683074,1000
181,14140,1000,103.520843031682,6.85930235167929,1000
181,17049,1000,106.328851001389,6.75597942629444,1000
181,19100,1000,107.150493130412,6.49958841124418,1000
182,922,1000,69.2200354563589,11.008643369664,1000
182,3289,1000,81.9741641685386,10.0498982613302,1000
182,6119,1000,93.2538514249336,8.97070498244937,1000
182,8922,1000,98.0829739107689,8.05910900632971,1000
182,15378,1000,105.427166570553,6.8076757359332,1000
182,15669,1000,105.704847186977,7.05358866147612,1000
182,17017,1000,106.718681385315,6.84961915696935,1000
182,17951,1000,107.386883649435,6.63405155177506,1000
183,1549,1000,71.0366623204878,10.8554293936732,1000
183,2881,1000,80.0086383669619,10.4927793723816,1000
183,2920,1000,79.3222055874534,9.7113888792137,1000
183,3915,1000,84.9598021571483,9.95202432421653,1000
183,6688,1000,94.1408524195986,8.41878800356986,1000
183,6883,1000,94.8813630434905,8.14206012877044,1000
183,10762,1000,101.473648983988,7.51721821945728,1000
183,13888,1000,104.674425471757,7.14549358368003,1000
183,15293,1000,106.048875018189,6.80126089002732,1000
183,15400,1000,105.65540948983,7.21221019525944,1000
183,16142,1000,106.284467470728,6.81637154863772,1000
183,16521,1000,106.760970293916,6.83280909345523,1000
184,1685,1000,72.306715765596,10.9693310360559,1000
184,4612,1000,88.5250741896839,9.69885091498302,1000
184,8856,1000,98.9647227600087,8.03618864615113,1000
184,9978,1000,101.354622998103,7.85307416640023,1000
184,11031,1000,102.171287513242,7.46088264041761,1000
184,12715,1000,104.417758919422,7.316449894892,1000
184,13859,1000,104.757685418284,7.14007399757897,1000
185,6012,1000,93.3987483398336,9.02058453521927,1000
185,9509,1000,100.139481909984,8.06659556638151,1000
185,10833,1000,102.55787387704,7.70812819328377,1000
185,11343,1000,103.265107358226,7.62974609081291,1000
185,12530,1000,103.973785074261,7.31279288778472,1000
185,13864,1000,105.448991658572,7.20642088051335,1000
185,16007,1000,107.06930229505,6.86780542965534,1000
185,18673,1000,109.016172796002,6.69230370569272,1000
185,19129,1000,109.161903654225,6.63793736928841,1000
185,19376,1000,109.447279935679,6.66072022590626,1000
186,4468,1000,88.142970813,9.6629009824215,1000
186,5667,1000,92.4315819195063,8.97961860901408,1000
186,7683,1000,97.7004523134346,8.32015175089347,1000
186,9258,1000,100.281627325246,8.07419009842267,1000
186,11080,1000,103.068207772486,7.91982611098432,1000
186,17165,1000,108.476590485082,6.66510004679107,1000
187,5689,1000,92.3596546741689,9.01408915653258,1000
187,6569,1000,95.3901282615196,9.18220001201853,1000
187,7798,1000,97.8795538024011,8.26291184365366,1000
187,8774,1000,100.333042083921,8.01413526968653,1000
187,12777,1000,105.804767046174,7.4963350578108,1000
187,14047,1000,106.132371034442,7.26152876898692,1000
187,16326,1000,108.41361187258,6.91335596322472,1000
187,18229,1000,109.818277643449,6.74958975813934,1000
188,620,1000,75.3564146723087,11.8758163547883,1000
188,5977,1000,93.7082585185247,8.82590139464036,1000
188,8313,1000,99.3440686018309,8.28877118998638,1000
188,8411,1000,99.5643340838405,8.24818545246063,1000
188,19134,1000,110.651088735968,6.71627214665145,1000
189,1711,1000,73.6359690672604,11.1441988081896,1000
189,2006,1000,75.3082847331369,10.7790443691127,1000
189,4493,1000,88.5453337675298,9.08335362923455,1000
189,6914,1000,96.4226189674178,8.4002471324539,1000
189,9964,1000,102.841116659294,8.02658154229108,1000
189,12323,1000,105.983338652003,7.83224563654777,1000
189,13480,1000,106.741567463883,7.40343584882841,1000
189,13849,1000,107.044116738826,7.19428137001067,1000
189,14755,1000,107.791123525146,7.15524822128671,1000
189,15030,1000,108.615539140963,7.13194550439044,1000
189,17067,1000,109.605747149403,7.13299463762568,1000
190,5376,1000,92.3210987631087,9.50658129440683,1000
190,6650,1000,95.9995154727654,8.74830428280485,1000
190,19866,1000,111.947358462335,6.72805960162212,1000
191,1894,1000,74.7977193939559,10.9437087286483,1000
191,3000,1000,82.1003301538308,10.5411458956835,1000
191,4158,1000,87.6541813951652,9.74663168309422,1000
191,6758,1000,97.0119357603186,8.79566462081569,1000
191,8159,1000,99.7621080918452,8.45263574586582,1000
191,9671,1000,102.899304734465,8.05641763976654,1000
191,18314,1000,111.631820062204,6.85535173939782,1000
192,685,1000,74.7965413166397,11.7043185434212,1000
192,4385,1000,89.2807564438364,9.49610478241778,1000
192,12259,1000,106.756291936029,7.57734346719938,1000
192,12903,1000,107.739311969956,7.50069482570346,1000
192,13204,1000,108.308737426235,7.5264181849891,1000
192,18673,1000,111.928378263273,6.69691570879759,1000
193,3533,1000,86.2153340170906,10.423881317535,1000
193,7985,1000,100.599051475364,8.67035669866025,1000
193,10022,1000,103.90304058423,8.34173615877086,1000
193,10675,1000,105.085630164847,8.04004775569758,1000
193,16360,1000,111.043475169112,7.10924524010911,1000
193,17061,1000,111.377395083765,6.76835608623925,1000
194,1384,1000,72.9296544991114,10.8727821686554,1000
194,2560,1000,80.3593643477892,10.8249924094774,1000
194,7026,1000,98.4627727069051,8.7359440483342,1000
194,7972,1000,100.65740333498,8.61808942022133,1000
194,9173,1000,102.598145545594,8.37922831361731,1000
194,12793,1000,108.109405058262,7.82076918041501,1000
194,14762,1000,110.210268206526,7.46221806404994,1000
194,15011,1000,110.534225270481,7.30690428310566,1000
194,18358,1000,112.552576701468,7.02666860848622,1000
194,19700,1000,113.758960646911,6.82779169031848,1000
195,6664,1000,98.0878759752725,8.9252080782171,1000
195,7658,1000,100.537310644889,8.91557849671062,1000
196,8491,1000,102.295938281975,8.70320939837859,1000
196,9765,1000,104.881996078815,8.26613592222088,1000
196,9791,1000,104.564122689018,8.38118527231979,1000
196,10316,1000,105.317497119565,8.18859181356108,1000
196,12312,1000,107.902456321434,7.75449928741095,1000
196,17165,1000,112.877638266285,7.23581299580934,1000
197,3982,1000,87.874434803864,10.4209442330882,1000
197,7744,1000,101.371155512611,8.92351245719613,1000
197,9201,1000,104.761059198494,8.51546690358647,1000
197,11839,1000,108.561074109492,8.08996625481836,1000
197,15425,1000,111.755346858691,7.47052680799998,1000
198,282,1000,135.190657790726,11.0770462994362,1000
198,1311,1000,72.6691752692519,11.3148450769168,1000
198,1769,1000,76.0618251985624,11.0399686406565,1000
198,3541,1000,86.4954494155668,10.4983696076788,1000
198,9419,1000,105.090446073338,8.43381400131512,1000
198,14445,1000,111.367928312228,7.43711824883263,1000
198,19557,1000,115.671126270144,7.09397158432329,1000
199,1610,1000,74.5029825192774,11.2823832000205,1000
199,12526,1000,109.719588766175,7.69992324097176,1000
200,7366,1000,100.945907331852,9.72750656395836,1000
200,7585,1000,101.627854020008,8.91046117618594,1000
200,10886,1000,107.83855553558,8.1828600235448,1000
200,11334,1000,108.700898561043,8.1400223833202,1000
200,16264,1000,114.095687880621,7.37838843601127,1000
200,18176,1000,115.71417402452,7.30547013114074,1000
200,18810,1000,115.768178352529,7.30435761792368,1000
200,19221,1000,116.492614431165,7.40068051673426,1000
