,richness,abundance,n,mean,sd,n_hill1
1002,134,2383,1000,65.9293576590589,8.21799576493056,1000
441,59,7435,1000,38.0152041568539,3.15496729169553,1000
752,100,19979,1000,63.6470652955938,3.83293842403391,1000
660,88,235,1000,44.9420629919369,7.08042649857297,1000
31,6,1291,1000,4.34656870529796,0.694575742280676,1000
510,69,2960,1000,41.9662600632812,3.99345976802128,1000
709,95,4611,1000,56.3253429064725,4.85162492231493,1000
800,106,10356,1000,65.251018142837,4.46700762972002,1000
1290,175,11960,1000,99.55310234086,7.25494771450929,1000
229,29,7931,1000,19.3579062107494,1.79130780204928,1000
53,8,3582,1000,5.67470979119179,0.866838141938652,1000
523,70,10243,1000,45.0554889530859,3.26385084575188,1000
794,105,10609,1000,65.2770792979612,4.50160631317216,1000
865,114,7936,1000,68.3441120378098,5.07261563981973,1000
946,127,14751,1000,78.2712002238534,4.9650288792874,1000
476,65,15379,1000,42.1097066648857,2.90330881077413,1000
517,69,15295,1000,44.7448955138083,3.21183153171237,1000
1063,143,3730,1000,73.1314521384535,7.63409646516278,1000
521,70,7689,1000,44.6253269386157,3.2401725780925,1000
1316,178,8109,1000,95.2118544717999,7.93179846297645,1000
993,133,3103,1000,67.9505206317171,7.37770541815473,1000
834,110,4347,1000,62.8913939031334,5.66652711297933,1000
620,83,10479,1000,52.6387966820628,3.62327595342811,1000
184,24,3669,1000,15.9940257405752,1.5991395978612,1000
150,20,8473,1000,13.4044915309627,1.53664167563979,1000
1259,171,12499,1000,98.166065965767,7.00866079161653,1000
1136,153,5535,1000,81.2414713700084,7.58200426087031,1000
1241,169,9826,1000,94.454853905304,7.09576200213508,1000
561,75,14883,1000,48.3961192707803,3.18982458352172,1000
355,47,18381,1000,31.0637219511118,2.41368650778739,1000
543,73,11700,1000,46.8173420681142,3.27647897246898,1000
413,54,14951,1000,35.3420953749009,2.66387366661265,1000
1022,136,14426,1000,82.9391727282028,5.30475487788291,1000
1124,151,13149,1000,89.640286770734,6.17011879177497,1000
305,41,6789,1000,26.9100758674616,2.31916087341181,1000
4,3,8218,1000,2.35598100424641,0.414434392945304,1000
787,105,778,1000,48.0798974190695,7.8275777769042,1000
324,43,12231,1000,28.3723917867116,2.33277420856882,1000
34,6,13094,1000,4.31393842782077,0.701535898774668,1000
91,13,14125,1000,8.93211404437876,1.10801347709203,1000
163,22,5200,1000,14.7640287214522,1.59762907834722,1000
443,59,10086,1000,38.2705504595443,2.84797785440552,1000
1419,191,4158,1000,87.6541813951652,9.74663168309422,1000
1039,139,2299,1000,66.0628649148498,8.12725590921634,1000
378,50,4816,1000,32.2268149921163,2.65957227222481,1000
1440,194,9173,1000,102.598145545594,8.37922831361731,1000
344,46,17788,1000,30.3261048863856,2.38698615025407,1000
1119,150,6300,1000,81.8499401920414,6.96731764395183,1000
256,32,14490,1000,21.3579982924584,1.88879270052851,1000
204,26,17357,1000,17.4054294066699,1.73691494546446,1000
124,17,7227,1000,11.5139018857746,1.38679071392586,1000
567,76,16121,1000,49.1908980078764,3.37974271108402,1000
746,100,3070,1000,56.4168257772621,5.66627325231978,1000
55,8,11465,1000,5.62527881737875,0.872370159137143,1000
1405,189,4493,1000,88.5453337675298,9.08335362923455,1000
470,64,3751,1000,39.8299847567864,3.3597194657536,1000
392,51,9108,1000,33.3525692814281,2.73668314994028,1000
1468,200,7366,1000,100.945907331852,9.72750656395836,1000
281,36,11656,1000,23.8795462348421,2.08304963028371,1000
878,117,1545,1000,56.3244908308676,7.39621060472687,1000
1397,187,18229,1000,109.818277643449,6.74958975813934,1000
749,100,17644,1000,63.5040997410933,3.96014880842545,1000
546,74,4651,1000,45.8181158188241,3.82593438440917,1000
436,58,15056,1000,37.9469609949466,2.86709232310885,1000
225,29,2613,1000,19.1747222760364,1.93394960222803,1000
1036,138,1677,1000,62.6394720210692,8.44207390305013,1000
1475,200,19221,1000,116.492614431165,7.40068051673426,1000
1306,177,8482,1000,95.8291726854505,8.09097995116866,1000
177,23,4871,1000,15.3885463646858,1.55487543961112,1000
213,27,12924,1000,18.0379540047146,1.72340709034576,1000
912,122,10570,1000,73.666354794475,5.01540934709965,1000
661,88,4122,1000,52.4060561885354,4.56823141538762,1000
235,29,16715,1000,19.4380991118584,1.87497911348278,1000
1420,191,6758,1000,97.0119357603186,8.79566462081569,1000
1132,152,2892,1000,72.6982664402982,8.3498521575987,1000
477,65,15458,1000,42.2560350834289,2.97688147537803,1000
9,3,12488,1000,2.35569969576129,0.410989382902743,1000
1105,148,14251,1000,88.5659617257751,5.55386117775659,1000
928,124,7788,1000,72.9003571044715,5.44002247117113,1000
991,133,552,1000,56.1828058830752,9.34938300845362,1000
1347,182,922,1000,69.2200354563589,11.008643369664,1000
1374,185,6012,1000,93.3987483398336,9.02058453521927,1000
924,123,18382,1000,76.9257899413473,4.66084465453642,1000
576,77,17963,1000,49.8701166968637,3.2115511766111,1000
262,33,4211,1000,21.8222365015212,2.06806199714277,1000
1353,182,17017,1000,106.718681385315,6.84961915696935,1000
1381,185,18673,1000,109.016172796002,6.69230370569272,1000
1072,144,14300,1000,86.7154818830901,5.45758579376751,1000
1008,135,1698,1000,62.1972186622381,8.70257541570358,1000
144,19,19011,1000,12.9157422649207,1.42239787003274,1000
1333,180,13391,1000,103.076446304356,6.8574176201243,1000
304,41,3717,1000,26.5262207908322,2.31560300687579,1000
885,118,16699,1000,73.5042541393021,4.50080783205385,1000
233,29,15154,1000,19.3114024823069,1.81659575112641,1000
943,127,8442,1000,74.8047168994512,5.72102070403873,1000
1279,173,17543,1000,102.503459921776,6.18673420613293,1000
504,68,8972,1000,43.7535508031942,3.24150475461887,1000
270,34,5050,1000,22.3916670828027,2.10115385096574,1000
448,60,637,1000,32.7289837486153,4.77866888970519,1000
989,132,15335,1000,81.1427546274544,5.00143027503819,1000
14,4,4893,1000,3.01694149722604,0.542685903276464,1000
84,12,11555,1000,8.32060754513688,1.09950774032518,1000
349,47,9453,1000,30.87032474737,2.55205351961633,1000
584,78,14706,1000,50.2126822432054,3.37091853579621,1000
613,82,10247,1000,52.4158560018384,3.59965464484641,1000
1284,174,9235,1000,95.8287523369439,7.47299889355789,1000
429,57,11228,1000,37.2765869901587,2.70860678985149,1000
533,71,12703,1000,45.8337069724702,3.13636334953605,1000
1395,187,14047,1000,106.132371034442,7.26152876898692,1000
847,112,16672,1000,70.3536348062684,4.40608493223388,1000
87,13,10483,1000,8.92425088910485,1.13803658192663,1000
5,3,8898,1000,2.36821970911201,0.419944912582093,1000
109,15,8132,1000,10.2855950365668,1.21857518688539,1000
1188,160,3844,1000,78.3799759327389,8.41829373376225,1000
1232,167,17096,1000,99.4329862511086,6.31930584732497,1000
1465,198,19557,1000,115.671126270144,7.09397158432329,1000
1289,175,10094,1000,97.3365002960119,7.13253327341676,1000
449,60,5104,1000,38.3250780176702,3.10129316405918,1000
364,48,17099,1000,31.6516249282091,2.43251422596179,1000
161,21,16394,1000,14.1079772136342,1.50077075930368,1000
321,43,9043,1000,28.1936136611445,2.33394676229092,1000
1281,174,3836,1000,82.7112513635738,9.24902573465189,1000
226,29,6241,1000,19.2887875702614,1.82126561518958,1000
491,67,6314,1000,42.4873473228808,3.29092030303992,1000
395,52,3271,1000,33.0026821160667,2.96835552232797,1000
1095,147,8503,1000,83.8682628241791,6.27996572500723,1000
82,12,9173,1000,8.26580012415915,1.10428245103483,1000
1020,136,10149,1000,80.3597394913272,5.59978847034895,1000
558,75,6374,1000,47.0535410772304,3.73330507472094,1000
428,56,18046,1000,36.5947951033556,2.69707673836461,1000
692,92,14497,1000,58.7388910555206,3.91004969755624,1000
591,79,12290,1000,50.6494340460638,3.50525175604841,1000
98,14,4547,1000,9.53026102845128,1.23246000396581,1000
639,85,17115,1000,54.5078948230159,3.56185906841705,1000
154,20,17329,1000,13.5575099184274,1.47347808348999,1000
1197,161,17106,1000,96.8070489519132,5.94353624799613,1000
1043,139,15797,1000,84.7372302013799,5.43282800477451,1000
1098,147,16363,1000,89.1528370179178,5.60810454527766,1000
410,54,12243,1000,35.3139915450529,2.63049714322114,1000
143,19,16609,1000,12.8010818168569,1.47477581730672,1000
1215,165,1427,1000,67.0268012653369,10.3583651245059,1000
1056,142,10596,1000,83.6807537842043,6.03181774713094,1000
835,110,8675,1000,66.7165592048191,4.71105950450794,1000
754,101,1709,1000,52.0012896477383,6.54147542248099,1000
362,48,11344,1000,31.5972416513997,2.45699065773014,1000
297,39,13682,1000,25.8302779090617,2.20744339932584,1000
634,85,9382,1000,53.4802057074884,3.93921920303767,1000
994,133,3428,1000,69.129720118062,6.99749943827923,1000
115,16,10080,1000,10.8786928672144,1.25438889367319,1000
1298,176,8310,1000,95.0053302926983,7.82395123191606,1000
1416,190,19866,1000,111.947358462335,6.72805960162212,1000
1138,153,13281,1000,90.5049862870783,6.100240276525,1000
974,130,16309,1000,80.217605909266,4.88319505387959,1000
793,105,10006,1000,65.0215493419836,4.45202634789184,1000
45,7,12221,1000,4.99724779126886,0.782969217124705,1000
498,67,17701,1000,43.6446588867124,2.94863248295361,1000
1364,183,15400,1000,105.65540948983,7.21221019525944,1000
56,8,16096,1000,5.60146332058472,0.883388228399455,1000
873,115,17876,1000,72.2435573522943,4.29224029961249,1000
845,112,12341,1000,69.2175139778209,4.74366942783412,1000
791,105,7474,1000,63.5941264423802,4.70153768037571,1000
1444,194,18358,1000,112.552576701468,7.02666860848622,1000
1402,188,19134,1000,110.651088735968,6.71627214665145,1000
789,105,6195,1000,62.6353745701507,5.03236984626549,1000
1109,149,2809,1000,71.1217971392388,8.45739054168761,1000
464,63,6462,1000,40.0757456224775,3.04747568466792,1000
1212,164,13417,1000,95.8490184794218,6.32303614168598,1000
505,68,10807,1000,43.8843332556889,3.19635009365417,1000
1099,147,17449,1000,89.5790371945509,5.57768656292372,1000
1005,134,9782,1000,79.2574825077567,5.86006127835632,1000
672,89,13527,1000,56.5154593102429,3.85661492750467,1000
1351,182,15378,1000,105.427166570553,6.8076757359332,1000
110,15,11966,1000,10.2294375127522,1.23413163434422,1000
905,121,8745,1000,72.0862137058749,5.23721780984182,1000
583,78,14348,1000,50.2859640092457,3.4171723369147,1000
403,53,6485,1000,34.2008265928686,2.58315696930887,1000
1280,173,19578,1000,103.454246235438,5.81373845054432,1000
319,43,2048,1000,27.4032342199513,2.601942578577,1000
978,131,5071,1000,72.5729690209338,6.67629058532831,1000
255,32,12318,1000,21.2530416747749,1.9098087189822,1000
427,56,17641,1000,36.8074262369658,2.72393786212868,1000
515,69,9562,1000,44.2956098948427,3.26634349393051,1000
569,77,2328,1000,44.9081045608565,4.45702985802121,1000
312,42,6791,1000,27.5928484827529,2.42516979622456,1000
1021,136,13358,1000,82.4451075506024,5.31799033611003,1000
626,84,4505,1000,51.0114140373579,4.3531254668595,1000
807,107,5136,1000,62.6005848280581,5.42165753352982,1000
1309,177,18201,1000,104.284501075547,6.2812142805364,1000
1055,141,16338,1000,86.1255454461706,5.08855248622796,1000
328,43,15151,1000,28.3279693710474,2.28734574802915,1000
27,5,14600,1000,3.67653948787495,0.617123755424405,1000
995,133,5833,1000,74.8809717870591,6.30096204038143,1000
366,49,712,1000,28.7687971445457,3.75499611241957,1000
1403,189,1711,1000,73.6359690672604,11.1441988081896,1000
1033,137,17402,1000,84.3386640831371,5.22750604337515,1000
217,28,2922,1000,18.6079226209938,1.9769714166768,1000
1294,176,5462,1000,88.8727608772567,8.62752341608041,1000
461,62,19508,1000,40.46300899058,2.77690342608004,1000
1375,185,9509,1000,100.139481909984,8.06659556638151,1000
414,54,15022,1000,35.3881367324519,2.65997038545265,1000
1312,178,3521,1000,82.5658360874034,9.62554752671467,1000
1240,169,9020,1000,93.4476662574488,7.37187143782667,1000
186,24,10051,1000,16.1535666801022,1.65614653830568,1000
544,73,17557,1000,47.273056054164,3.35018896246557,1000
280,36,11264,1000,23.8629924295125,2.22295628036226,1000
455,61,11649,1000,39.7676496831243,2.82002789686335,1000
1367,184,1685,1000,72.306715765596,10.9693310360559,1000
653,87,4642,1000,52.3458579469722,4.32198245323712,1000
19,4,12636,1000,2.96389804296803,0.537208231362524,1000
1252,170,14667,1000,99.5028709872202,6.46643963462662,1000
1350,182,8922,1000,98.0829739107689,8.05910900632971,1000
1087,146,6126,1000,79.913651680828,6.89998628698636,1000
748,100,16418,1000,63.6207585258727,4.0761273728712,1000
1366,183,16521,1000,106.760970293916,6.83280909345523,1000
1213,164,14291,1000,96.3455207338028,6.56017999327266,1000
816,108,12162,1000,66.8465366241862,4.53678375805745,1000
798,106,5053,1000,61.9124085081036,5.28584071880137,1000
1276,173,13229,1000,100.035836843258,6.90834801911945,1000
1422,191,9671,1000,102.899304734465,8.05641763976654,1000
18,4,12375,1000,3.03090432509559,0.52128016599927,1000
487,66,19238,1000,43.1572800244092,2.89738091007808,1000
1104,148,8601,1000,84.8335127202723,6.57948410988862,1000
1123,151,11397,1000,88.2498104363847,6.221155491743,1000
54,8,5817,1000,5.64925391084958,0.866283807907673,1000
582,78,14221,1000,50.0855742971306,3.44082583000998,1000
1417,191,1894,1000,74.7977193939559,10.9437087286483,1000
930,124,13712,1000,76.5061324060917,4.93101575174201,1000
47,7,13668,1000,5.0090083742602,0.760086209158868,1000
445,59,16380,1000,38.6145305319495,2.7693765277678,1000
301,40,14571,1000,26.4073608242052,2.2222477133574,1000
606,81,9263,1000,51.2560256943658,3.80834453131734,1000
987,132,11319,1000,79.3775608386777,5.44712001322129,1000
654,87,7757,1000,54.172639816819,3.98920513341574,1000
317,42,17723,1000,27.7612931162288,2.24273459446916,1000
699,93,2554,1000,52.2945309979102,5.17210848178369,1000
332,44,8479,1000,28.8009222579801,2.32842117015715,1000
1271,172,11554,1000,98.1358225606578,6.74668050573812,1000
643,86,4857,1000,52.26223927258,4.39590110994707,1000
871,115,6109,1000,67.0758815610867,5.3752064768796,1000
1,3,5340,1000,2.36211171599479,0.421290472885119,1000
194,25,12952,1000,16.7858541369598,1.74066140855684,1000
571,77,6496,1000,48.1619707171476,3.69819635218187,1000
142,19,15032,1000,12.7493412304247,1.43629517820117,1000
851,112,18538,1000,70.883495240739,4.23905791237744,1000
1071,144,13042,1000,86.3050219661136,5.68719949724571,1000
869,114,17749,1000,71.7844247270043,4.45996912708961,1000
422,56,5258,1000,35.9776362011279,2.96024884918177,1000
1334,180,13798,1000,103.173128998467,7.24339277613502,1000
39,7,851,1000,4.99570791700499,0.770519144715857,1000
1155,155,9091,1000,87.7343531943756,6.91294287858762,1000
206,27,808,1000,17.4651363350862,2.14035113033225,1000
624,84,2841,1000,48.8298736465509,4.74114086050481,1000
823,109,1810,1000,55.545815196278,6.85172793962922,1000
1338,180,19658,1000,107.328754487608,6.38407496138345,1000
1305,177,6396,1000,91.4765931718072,8.40068781179319,1000
2,3,7030,1000,2.34634942611616,0.416432094776014,1000
587,79,3304,1000,47.2533451243181,4.30366834041194,1000
1065,143,17378,1000,87.5182586925561,5.28787169554827,1000
1079,145,5608,1000,78.3586943341974,7.14186355557474,1000
1223,166,3145,1000,77.2702062629498,9.39018346378972,1000
59,9,9446,1000,6.3654633503136,0.898348507827909,1000
243,30,9686,1000,19.930379920028,1.9014964535217,1000
509,68,19645,1000,44.2722488910574,2.97093358508736,1000
837,110,10771,1000,67.8335739373848,4.63367792524404,1000
1185,159,9570,1000,90.2359892611776,6.63499567368964,1000
57,8,16953,1000,5.63744397311541,0.898607248842478,1000
662,88,5631,1000,53.6293053044101,4.1583735391374,1000
468,63,16387,1000,40.9586140848501,2.86951374812052,1000
462,63,3615,1000,39.201186767052,3.33613851459847,1000
1246,169,18711,1000,100.961342795983,5.98043560280774,1000
1248,170,4319,1000,83.1385908477214,9.111688874213,1000
524,70,11024,1000,45.05057491808,3.15952553277144,1000
29,5,18162,1000,3.67489942712866,0.625091693589661,1000
272,34,9977,1000,22.6546957504118,2.07287105191901,1000
922,123,10709,1000,74.5668565151709,5.01888780280704,1000
1443,194,15011,1000,110.534225270481,7.30690428310566,1000
1035,138,1222,1000,59.0219992996411,8.96185063865667,1000
1229,166,17599,1000,99.3454074286826,6.1885106927877,1000
1084,145,17765,1000,88.5540333006032,5.48124411460935,1000
126,17,9891,1000,11.5045564039344,1.38566879447546,1000
200,26,7522,1000,17.3062539271154,1.76122035236331,1000
799,106,6753,1000,63.8695802507386,4.75994504065543,1000
1473,200,18176,1000,115.71417402452,7.30547013114074,1000
614,82,16075,1000,52.8115481614193,3.44808157221474,1000
766,102,5923,1000,60.6879465185901,4.91354528169519,1000
1414,190,5376,1000,92.3210987631087,9.50658129440683,1000
573,77,8803,1000,48.7404647975302,3.61083715566043,1000
495,67,14907,1000,43.5471188770709,3.05118073279503,1000
1446,195,6664,1000,98.0878759752725,8.9252080782171,1000
434,58,8624,1000,37.4577533606333,2.91952704969748,1000
300,40,10624,1000,26.4358649176124,2.16029798032194,1000
1238,169,3509,1000,79.6066732036422,9.38902503144465,1000
438,58,19830,1000,38.0929847250423,2.76610661047694,1000
335,45,9324,1000,29.6041498209264,2.39958344766499,1000
1159,155,16265,1000,93.0647774834613,6.00199864002984,1000
1061,142,19565,1000,87.816226513301,5.3964089316161,1000
1108,148,18586,1000,90.5031289566379,5.62581957264002,1000
62,10,3235,1000,6.98413386401323,0.990684597347101,1000
516,69,14858,1000,44.7823847615902,3.12765300000747,1000
1179,158,7382,1000,87.1968943669472,7.52416868439126,1000
94,13,16864,1000,8.96783723679433,1.18443648028732,1000
829,109,10575,1000,67.2580708909777,4.5803756506834,1000
310,42,6205,1000,27.574718592593,2.43718375484361,1000
680,91,809,1000,44.2275781707116,6.75845475824714,1000
40,7,1731,1000,4.98359940639354,0.792956925128266,1000
1207,163,15838,1000,96.7546614740654,6.09305504204302,1000
77,12,567,1000,8.30366074863,1.14242627335121,1000
579,78,3592,1000,47.0065845456206,4.14085760052493,1000
1270,172,11324,1000,97.2590240978472,6.8403492664779,1000
701,93,10428,1000,58.5117314355668,3.82869382487363,1000
659,88,217,1000,46.8341609370184,6.95882074478081,1000
249,31,15773,1000,20.6337086102777,1.96780622338108,1000
618,83,797,1000,41.563890221971,6.36014171790697,1000
594,79,19416,1000,51.3544930150919,3.2544133231959,1000
550,74,11017,1000,47.5010067158123,3.34652249111282,1000
188,24,14552,1000,16.2044286216866,1.65097100204835,1000
158,21,5576,1000,14.1935809875852,1.58478403579289,1000
557,75,3571,1000,45.4643069402256,4.11592860596346,1000
314,42,11971,1000,27.5941564510949,2.23102880136878,1000
8,3,11826,1000,2.34179441520336,0.427513405818085,1000
1406,189,6914,1000,96.4226189674178,8.4002471324539,1000
1349,182,6119,1000,93.2538514249336,8.97070498244937,1000
997,133,13152,1000,80.4623234817679,5.30399590782297,1000
539,72,14679,1000,46.5570009314668,3.14096743414189,1000
777,103,11361,1000,64.0454344979045,4.4459352900576,1000
963,129,13683,1000,79.0014419718322,5.23203953801913,1000
1469,200,7585,1000,101.627854020008,8.91046117618594,1000
1122,150,19413,1000,91.4326499820558,5.61190919078422,1000
585,78,17937,1000,50.3162018525849,3.40946595472873,1000
1273,173,6282,1000,89.8838041971144,8.17797993694891,1000
1045,140,2632,1000,68.2156831668474,8.38014079548377,1000
383,50,11468,1000,32.85756567991,2.52250849318026,1000
637,85,14173,1000,54.2195767818282,3.49370976130102,1000
493,67,12677,1000,43.3789195871512,3.08751173049773,1000
1026,137,1160,1000,58.2525691262856,8.95349240761676,1000
433,58,3245,1000,36.1973967390642,3.10376096113506,1000
1203,162,18975,1000,97.6415767067764,5.93583576515972,1000
688,92,4100,1000,54.2488542206177,4.86716106833472,1000
486,66,18112,1000,43.1007338817256,2.98185705234284,1000
782,104,5168,1000,61.2274216416295,5.10313674984454,1000
1275,173,10575,1000,97.1168164147164,6.89590768433641,1000
363,48,14857,1000,31.6271103087011,2.50107933531492,1000
886,119,468,1000,52.2937698657682,8.63227393211471,1000
710,95,12914,1000,60.000527057157,4.07140589705932,1000
530,71,7123,1000,45.003241351218,3.33642850793792,1000
1176,157,15988,1000,94.1732932351803,5.83281974843098,1000
920,123,2558,1000,63.025300083349,7.31870535019654,1000
1034,137,19534,1000,84.7372596321602,5.08695403960451,1000
667,88,15426,1000,56.4793812121449,3.72788106106104,1000
1134,152,9674,1000,87.096419262288,6.60825606158605,1000
828,109,10510,1000,67.436149215221,4.71828731323843,1000
684,91,13642,1000,57.6638708905425,3.7879447838087,1000
625,84,4371,1000,50.923011258105,4.26555300388579,1000
1401,188,8411,1000,99.5643340838405,8.24818545246063,1000
1317,178,9625,1000,98.2677102890248,7.75103301173026,1000
730,97,3669,1000,56.3225490910461,4.98895728335327,1000
1059,142,13900,1000,85.4280734481812,5.7007559116146,1000
578,78,3199,1000,46.6826405999879,4.24593232012456,1000
1329,180,4840,1000,88.112339392661,8.98227999575607,1000
593,79,15751,1000,50.8585224021729,3.50172021017594,1000
261,33,2806,1000,21.6385441272144,2.16160603249301,1000
467,63,14060,1000,40.9310793958588,2.81814385050433,1000
572,77,7394,1000,48.3934502281063,3.70006514534155,1000
1447,195,7658,1000,100.537310644889,8.91557849671062,1000
811,107,14762,1000,67.2805693793945,4.19159741789575,1000
253,31,19526,1000,20.6974926139432,1.85477500121786,1000
553,74,14456,1000,47.8835280819519,3.21180535808553,1000
251,31,17937,1000,20.7421137227368,1.81899742453935,1000
1010,135,7314,1000,77.2604929823367,6.10726347029636,1000
1222,166,2128,1000,71.4013373734666,10.0786831615125,1000
424,56,6971,1000,36.2638619652374,2.91179859581623,1000
1328,180,1450,1000,69.8887355082341,10.8370578552993,1000
649,86,13435,1000,54.8233917908555,3.60798631850143,1000
1308,177,17330,1000,104.359790277197,6.61838577735601,1000
1371,184,11031,1000,102.171287513242,7.46088264041761,1000
1228,166,16687,1000,98.6019203014112,6.20881258095759,1000
767,102,10957,1000,63.5296333405485,4.43358065141207,1000
1143,154,2770,1000,72.0816048847444,8.82719393242461,1000
446,59,17754,1000,38.6885756810188,2.82980627171214,1000
968,130,5021,1000,71.8981468286463,6.42557932139247,1000
678,90,11825,1000,56.773979243673,3.95416380173787,1000
923,123,14957,1000,76.2134543116817,4.86482140783487,1000
914,122,11867,1000,74.6202850420104,4.96099715528009,1000
992,133,2791,1000,66.8969128255321,7.48935475142785,1000
764,102,5133,1000,60.2332590028852,4.87067139184483,1000
1421,191,8159,1000,99.7621080918452,8.45263574586582,1000
196,25,17863,1000,16.7594960953977,1.66294096284105,1000
242,30,8408,1000,19.9614669123319,1.86155917013003,1000
1292,175,13238,1000,100.714244755304,6.9677152182531,1000
1260,171,13991,1000,99.3862645763729,6.77683949861909,1000
1413,189,17067,1000,109.605747149403,7.13299463762568,1000
1193,161,7335,1000,88.2949241164322,7.34775940456346,1000
50,8,1593,1000,5.60410156336496,0.860677045638476,1000
731,97,5972,1000,58.335195873055,4.66553401156187,1000
534,72,3802,1000,44.2636073962534,3.71590152032208,1000
1264,171,19945,1000,102.388131008428,6.13114567914065,1000
1355,183,1549,1000,71.0366623204878,10.8554293936732,1000
646,86,13136,1000,54.8136811266762,3.7820465166504,1000
1378,185,12530,1000,103.973785074261,7.31279288778472,1000
79,12,2903,1000,8.28801533737449,1.09890755235246,1000
1314,178,5869,1000,90.5251211508905,8.75805263396217,1000
1004,134,9199,1000,78.9979309435447,5.70794522944182,1000
44,7,10519,1000,4.93217462093142,0.804232243326082,1000
1210,164,3514,1000,78.8787251478842,8.65295773606664,1000
996,133,9402,1000,78.454809273222,5.84107955087591,1000
732,97,7722,1000,59.7303229988019,4.44719138252533,1000
302,41,873,1000,25.2313510108947,3.10302264562595,1000
552,74,13908,1000,47.7633591729828,3.34336438650956,1000
647,86,13222,1000,54.5333499832869,3.52806940525104,1000
278,35,17911,1000,23.298894512264,2.01838208041747,1000
888,119,2528,1000,61.4801229543433,6.85126519964819,1000
1201,162,8364,1000,89.759556526754,6.91553742897214,1000
271,34,5571,1000,22.5362201625577,2.07494790015125,1000
1458,197,15425,1000,111.755346858691,7.47052680799998,1000
481,66,4015,1000,41.3642324900282,3.63188570872585,1000
889,119,2770,1000,62.5299794589088,6.82928509592923,1000
540,72,15534,1000,46.7105112488415,3.33258641405717,1000
285,37,2701,1000,24.1297364949698,2.318723190623,1000
1000,134,555,1000,56.4699966992207,8.98079747488576,1000
814,108,4038,1000,61.2833070090102,5.69395279778311,1000
401,53,1500,1000,32.158463375535,3.59119062096984,1000
801,106,11637,1000,65.7760970298396,4.34255509386918,1000
408,54,6269,1000,34.8862761646976,2.84425337736864,1000
1032,137,14178,1000,82.9644452262395,5.40365843734529,1000
340,46,12205,1000,30.2571255890815,2.40258608127152,1000
365,48,19641,1000,31.7675172692529,2.43530175278725,1000
1152,155,4423,1000,79.2441724579703,7.71198362696845,1000
790,105,7405,1000,63.7968536487764,4.72341592379411,1000
1325,179,11595,1000,100.473271645491,7.34440370701482,1000
322,43,9542,1000,28.4054877509087,2.3982698326506,1000
490,67,4032,1000,41.5582986497145,3.62607911254121,1000
197,26,1164,1000,17.0023022074978,1.98573352336024,1000
1173,157,7795,1000,87.1245482530438,7.14727200195483,1000
915,122,14340,1000,75.3834500534977,4.81035751307698,1000
72,11,6953,1000,7.60155730607999,1.03371639820389,1000
1139,153,15993,1000,92.1156488463611,5.92120364724288,1000
718,96,10004,1000,59.9283221729615,4.07682920876745,1000
10,3,13610,1000,2.32643402827607,0.432875214140351,1000
1040,139,2641,1000,68.2898587599961,7.93565886967434,1000
698,93,2438,1000,51.8564406362705,5.52179001242095,1000
1439,194,7972,1000,100.65740333498,8.61808942022133,1000
273,34,10148,1000,22.5401579013908,2.04807747357851,1000
1066,143,17934,1000,87.5830113672017,5.26048246418336,1000
942,127,2812,1000,65.1450870456424,7.28917987668896,1000
1296,176,7224,1000,93.234553610291,8.26792484700755,1000
913,122,10615,1000,73.9123887530914,5.0896565048312,1000
65,10,10400,1000,6.98382118522966,0.966982473205532,1000
694,92,17143,1000,58.6047287254079,3.64995419596562,1000
976,131,1563,1000,59.3815913512412,8.80753886778888,1000
1400,188,8313,1000,99.3440686018309,8.28877118998638,1000
1114,149,9939,1000,86.0757123222914,6.34221399204887,1000
418,54,19539,1000,35.5382160763387,2.64684150623968,1000
765,102,5243,1000,60.1240063113213,5.08165424708225,1000
685,91,18615,1000,58.2342927640823,3.81937976314937,1000
485,66,14100,1000,42.7768070989737,2.92980058612142,1000
1149,154,14945,1000,91.6719696257906,5.74738643351799,1000
330,44,4142,1000,28.4866788814976,2.6213136665746,1000
1470,200,10886,1000,107.83855553558,8.1828600235448,1000
775,103,11058,1000,64.2645041220437,4.39794438135332,1000
985,132,7996,1000,76.5639731678466,5.88837465878656,1000
1242,169,12602,1000,97.5571907410451,6.74898818769024,1000
1130,152,1076,1000,61.4881648902809,9.76494906170916,1000
1415,190,6650,1000,95.9995154727654,8.74830428280485,1000
676,90,2264,1000,50.3395181225333,5.59427586195821,1000
1111,149,7332,1000,83.2086299198296,6.77431732494665,1000
420,55,9570,1000,35.8137622462568,2.68714108443731,1000
921,123,6310,1000,71.3189495712261,5.77666632744432,1000
695,92,18097,1000,58.9507874347928,3.78888536975376,1000
474,65,5908,1000,41.3575273769645,3.33373230124223,1000
532,71,8750,1000,45.389517886015,3.25669032205922,1000
1085,146,1097,1000,59.8633298160544,9.51484759823046,1000
1014,135,16517,1000,83.0933288288985,5.2590878044447,1000
728,97,1248,1000,48.7084293764748,6.86196523877879,1000
1418,191,3000,1000,82.1003301538308,10.5411458956835,1000
601,80,14229,1000,51.4971014348541,3.35801699558862,1000
1286,174,18561,1000,103.25065536935,6.5241521065808,1000
483,66,13043,1000,42.7750522891569,3.21919122303254,1000
1463,198,9419,1000,105.090446073338,8.43381400131512,1000
1408,189,12323,1000,105.983338652003,7.83224563654777,1000
717,96,6786,1000,58.6421727526,4.54212870873424,1000
475,65,6236,1000,41.493154068419,3.36868777716472,1000
1192,160,16913,1000,95.8081253440589,6.17423103922892,1000
133,18,12680,1000,12.1512304415821,1.41363144809664,1000
15,4,9261,1000,3.01440603177785,0.522560495305215,1000
868,114,16747,1000,71.6462001069749,4.22605501599679,1000
1048,140,16629,1000,85.3555396103098,5.37151917062678,1000
437,58,18589,1000,37.9807203948537,2.70037345017093,1000
1385,186,5667,1000,92.4315819195063,8.97961860901408,1000
480,66,1762,1000,38.8246106119937,4.1945998227427,1000
722,96,15066,1000,61.1340711171941,3.84102606640369,1000
469,63,18101,1000,41.0576736682088,2.95336107508212,1000
1442,194,14762,1000,110.210268206526,7.46221806404994,1000
1257,171,10404,1000,95.9832004509001,7.00606084526671,1000
656,87,14297,1000,55.7265257359475,3.63538129274026,1000
1131,152,1545,1000,64.8323709097714,9.51823552240109,1000
954,128,7621,1000,74.7365384423018,5.58544060203068,1000
779,103,15199,1000,65.1343640039284,4.31548689565619,1000
1274,173,8280,1000,94.0258535054783,7.93206213388793,1000
404,53,7866,1000,34.3613244707968,2.82832712896415,1000
1380,185,16007,1000,107.06930229505,6.86780542965534,1000
189,25,1810,1000,16.588098715874,1.77916043496158,1000
193,25,5895,1000,16.6835020463185,1.74343644008803,1000
105,15,2363,1000,10.1667368876967,1.30316388005769,1000
1088,146,7091,1000,81.759827405789,6.80554198885921,1000
61,10,556,1000,6.9732106125803,1.04406031180489,1000
1434,193,16360,1000,111.043475169112,7.10924524010911,1000
615,82,16741,1000,52.9038148843979,3.42749123141694,1000
1269,172,9954,1000,96.0095318194954,7.27622735606162,1000
562,75,16724,1000,48.6031778903116,3.37251573391341,1000
901,121,5771,1000,69.1039334503328,5.80100267409669,1000
824,109,4936,1000,63.0184030308876,5.57356826030403,1000
988,132,14090,1000,80.7024377588178,5.04590317010702,1000
167,22,9725,1000,14.7820854515638,1.54721555158114,1000
950,128,830,1000,54.7535969736172,8.55176206072561,1000
719,96,11201,1000,60.2598005295595,4.1548849179645,1000
351,47,12433,1000,30.8860622781257,2.4537753748237,1000
187,24,14147,1000,16.0828050838681,1.63469237196833,1000
1168,157,312,1000,83.4348472442863,10.0991569434289,1000
373,49,18766,1000,32.3668707945864,2.4883560818727,1000
119,16,17659,1000,10.8141001725645,1.33322298003361,1000
734,97,15926,1000,61.6460204002565,3.87095431214174,1000
254,32,920,1000,20.454093086419,2.35469194659312,1000
926,124,5579,1000,71.0069458198162,6.07772068830438,1000
313,42,9595,1000,27.6027754560031,2.34748718284568,1000
1078,145,2904,1000,70.8074705431463,8.09525589984942,1000
397,52,3907,1000,33.2130701216341,2.99752858717722,1000
360,48,7385,1000,31.356262513472,2.57234890975418,1000
265,33,9336,1000,21.896495611822,1.9631947592781,1000
361,48,9223,1000,31.4994464744602,2.52706156563658,1000
909,121,17620,1000,75.7468990602662,4.39402420604162,1000
1024,136,18879,1000,84.105688976219,5.1980881420171,1000
1365,183,16142,1000,106.284467470728,6.81637154863772,1000
1464,198,14445,1000,111.367928312228,7.43711824883263,1000
1409,189,13480,1000,106.741567463883,7.40343584882841,1000
16,4,10898,1000,2.98391115570708,0.550116087647179,1000
1178,158,3919,1000,78.3594046779486,8.54503084657953,1000
831,109,16800,1000,68.659727886524,4.38399851037606,1000
1239,169,8958,1000,93.5639130386766,7.29867234929119,1000
353,47,14887,1000,31.0504560961272,2.46657182043245,1000
1436,194,1384,1000,72.9296544991114,10.8727821686554,1000
1457,197,11839,1000,108.561074109492,8.08996625481836,1000
1346,181,19100,1000,107.150493130412,6.49958841124418,1000
693,92,15391,1000,58.5944278085505,3.71339296153159,1000
1324,179,10907,1000,99.9931969420639,7.48452060011717,1000
99,14,6045,1000,9.58413084659941,1.17851419486386,1000
1307,177,11628,1000,100.352870515736,7.13803747483971,1000
1287,174,19720,1000,104.542464685765,6.15780963551368,1000
198,26,3023,1000,17.2701376732141,1.84660893687881,1000
185,24,6541,1000,16.1014981282286,1.74629185519166,1000
1297,176,7929,1000,94.7215068540137,7.61697161423683,1000
1433,193,10675,1000,105.085630164847,8.04004775569758,1000
1174,157,12924,1000,92.2237364812304,6.10853383342081,1000
768,102,11574,1000,63.5808934185157,4.53125459241246,1000
537,72,9131,1000,46.0077367267068,3.38258896272548,1000
1354,182,17951,1000,107.386883649435,6.63405155177506,1000
83,12,9707,1000,8.3233913489937,1.08410668029539,1000
763,102,3392,1000,57.7372163648828,5.55630956181698,1000
399,52,15226,1000,34.1846883516368,2.49270060724637,1000
269,34,2641,1000,22.1875802500169,2.28899730470801,1000
388,51,1212,1000,30.7326634780636,3.39441863745664,1000
1282,174,5683,1000,89.1577436492973,8.70464953057991,1000
134,18,14602,1000,12.1588900064908,1.39455858366147,1000
267,33,17990,1000,21.9677990687708,1.96515440055322,1000
967,130,3783,1000,69.2664993745439,6.85491710062548,1000
1336,180,14876,1000,104.169901483006,6.76082773732057,1000
90,13,14056,1000,8.96238474481502,1.15837920781816,1000
1169,157,1639,1000,66.2569696195318,9.32570907631566,1000
870,114,19642,1000,71.9795469219881,4.3576836605342,1000
1145,154,3837,1000,76.8820232117622,8.08413699800229,1000
296,39,9372,1000,25.7255298710607,2.19149988203689,1000
263,33,4679,1000,21.7830944341904,2.10111618080986,1000
750,100,18022,1000,63.7751832153595,4.1581305682942,1000
1399,188,5977,1000,93.7082585185247,8.82590139464036,1000
1341,181,10832,1000,100.947211298107,7.19651982346866,1000
1430,193,3533,1000,86.2153340170906,10.423881317535,1000
407,54,5370,1000,34.722436992022,2.86549395054289,1000
358,48,3373,1000,30.832333981996,2.76618052140744,1000
241,30,4602,1000,19.8570177000684,2.00838897568445,1000
1167,156,19338,1000,95.1065697845916,5.76473463819589,1000
670,89,4958,1000,53.5224541578541,4.27827597614018,1000
1047,140,9429,1000,81.7040790564888,5.97591144813806,1000
938,125,18368,1000,78.2302495427692,4.73032856384219,1000
651,87,373,1000,40.9513834014703,7.2071972501595,1000
864,114,7554,1000,68.0369309130614,5.1494842678007,1000
1019,136,4766,1000,73.704921277907,6.94608820162139,1000
456,61,14576,1000,39.6015792296569,2.89551806636578,1000
112,15,17849,1000,10.2080409751875,1.20014831710293,1000
1204,163,1856,1000,69.0806287447861,9.8401300422795,1000
1256,171,7351,1000,92.0554865740379,7.82222602336954,1000
849,112,17011,1000,70.7211590492377,4.35065061516253,1000
1161,156,4406,1000,79.6520119301864,8.10594049008759,1000
507,68,14165,1000,44.1320056806611,3.1231289410733,1000
623,83,16993,1000,53.5236925353788,3.45956998036876,1000
1245,169,18477,1000,101.122569050074,6.12854146410497,1000
723,96,15950,1000,61.1637217776047,3.75096194996252,1000
1083,145,13951,1000,87.3082690746062,5.83254423568279,1000
877,117,425,1000,52.5920305094617,8.65800175043038,1000
369,49,10479,1000,32.0717934417637,2.62638920650441,1000
1460,198,1311,1000,72.6691752692519,11.3148450769168,1000
386,50,16894,1000,32.8800278930191,2.5472577485491,1000
202,26,12209,1000,17.3259211739876,1.66345305788407,1000
66,10,11286,1000,6.95841304647361,0.977782576358983,1000
973,130,13044,1000,79.3520289398923,5.22024708588088,1000
795,105,11579,1000,65.5519197575548,4.49858894546847,1000
274,35,2722,1000,22.9589026624937,2.20171127092315,1000
1322,179,5477,1000,89.8867196204348,8.58793537918695,1000
743,99,10742,1000,61.5717241495613,4.18305610903965,1000
948,127,17008,1000,79.0452422756859,4.80303456034733,1000
999,133,19649,1000,82.4886745721028,4.8299961142212,1000
1184,159,8802,1000,89.5495546839334,7.016324274579,1000
545,74,213,1000,38.9223543850068,6.34487501586701,1000
482,66,8602,1000,42.2214384425216,3.07515292621936,1000
854,113,3520,1000,62.2053957700605,6.04887986005937,1000
1140,153,17087,1000,92.4696083251019,5.85857333126988,1000
1326,179,14764,1000,103.258445553903,6.97646248764409,1000
1195,161,11771,1000,93.5656412737553,6.53442476903696,1000
190,25,2023,1000,16.6482307567176,1.80944450937075,1000
770,103,420,1000,47.0504509880732,8.00127448188156,1000
1053,141,9254,1000,81.9318002068874,6.06961055697466,1000
919,122,16824,1000,76.4022063924976,4.47256953946231,1000
318,43,776,1000,25.8879158287335,3.24678645485863,1000
216,27,17364,1000,18.039674613853,1.78986988703429,1000
892,119,8040,1000,70.7124523299242,5.48987190958639,1000
1361,183,10762,1000,101.473648983988,7.51721821945728,1000
1235,168,5606,1000,86.653572323318,8.20527964570999,1000
535,72,4890,1000,44.9729825217505,3.55698044266845,1000
257,32,18103,1000,21.332584278817,1.92038843140181,1000
30,5,18259,1000,3.67675016284068,0.626333247355782,1000
1129,151,18204,1000,91.6235688771824,5.64942471827885,1000
232,29,14631,1000,19.3248498127108,1.87976125096488,1000
883,118,11075,1000,71.7796146605182,4.84242324407406,1000
907,121,9324,1000,72.7513356503484,5.19475421126944,1000
929,124,12776,1000,75.9183127323939,4.90754301824918,1000
805,107,2531,1000,57.5827158164344,6.11540223005521,1000
882,118,10234,1000,71.3179578018628,4.97140050532181,1000
266,33,14411,1000,21.9979707996183,1.99600912243101,1000
103,15,341,1000,10.14565956946,1.37481706799272,1000
13,4,3823,1000,3.03987206781039,0.540179132826253,1000
1150,154,18790,1000,93.9121946016217,5.66194012120837,1000
1101,148,2483,1000,69.4868671980593,8.86559188511138,1000
796,105,17314,1000,66.4800526292406,4.06594038184075,1000
1187,159,16418,1000,95.045720454837,6.07833139639118,1000
826,109,7553,1000,65.6353114105344,4.89641189725587,1000
570,77,5109,1000,47.4081533884406,3.80932412130336,1000
951,128,2196,1000,63.0942368383943,7.56198346112222,1000
1445,194,19700,1000,113.758960646911,6.82779169031848,1000
527,71,1915,1000,41.2596871381366,4.36533543334506,1000
970,130,8855,1000,76.6089033451863,5.85527247803686,1000
499,67,18694,1000,43.5048738121523,3.00842015848446,1000
727,97,682,1000,44.905537045077,7.09936774598276,1000
958,129,5456,1000,72.126289338774,6.35010125113676,1000
682,91,4001,1000,53.7955119390611,4.69014592264934,1000
757,101,9417,1000,62.5177517915197,4.19589964751581,1000
1428,192,13204,1000,108.308737426235,7.5264181849891,1000
1107,148,16805,1000,89.7342900059231,5.79109924258745,1000
368,49,2974,1000,31.2542521851463,2.80831360605269,1000
671,89,10631,1000,56.1235202421717,3.6681011797667,1000
230,29,9653,1000,19.3989071772442,1.87359294511246,1000
419,55,2943,1000,34.4881924504569,3.19107714530654,1000
208,27,2352,1000,17.8936399718893,1.77048711129052,1000
81,12,8955,1000,8.25912440761243,1.0965974260659,1000
192,25,2899,1000,16.6598638769937,1.72188179958324,1000
496,67,16077,1000,43.4135799082307,3.07231799892765,1000
1299,176,11757,1000,100.040459225501,7.06457424330665,1000
147,20,4525,1000,13.5434133522435,1.54454555413984,1000
714,95,14759,1000,60.4297862580015,3.82039132852919,1000
320,43,8698,1000,28.2892198111063,2.35803061217631,1000
832,109,19549,1000,69.3341767712931,4.36513350979551,1000
1012,135,9839,1000,79.9635803097925,5.40848977265621,1000
460,62,14065,1000,40.3816956990905,2.97782713240624,1000
146,20,1874,1000,13.4667106054199,1.46009249279212,1000
1225,166,13169,1000,97.0108688147297,6.39665279181966,1000
1009,135,5281,1000,74.5875110724264,6.62422436531003,1000
900,120,17014,1000,74.7139375677876,4.78050190215297,1000
1001,134,938,1000,56.3720665985678,9.49445048035607,1000
1285,174,13128,1000,100.318033409703,6.77057703951938,1000
596,79,19747,1000,51.117947929508,3.27666440027649,1000
1339,181,3787,1000,84.057532863842,9.86140696739728,1000
944,127,9056,1000,75.5723949786175,5.42337022432378,1000
85,12,12323,1000,8.22050003595587,1.07859064002391,1000
156,20,18968,1000,13.5449533056158,1.49466206297002,1000
1100,148,1877,1000,65.508243735702,8.90146491847717,1000
1158,155,14984,1000,92.3579266082444,6.06743260675546,1000
1125,151,14478,1000,89.7355861031286,6.03590290465655,1000
129,17,17120,1000,11.5743330367494,1.3302026745436,1000
1082,145,10357,1000,84.6234407063232,6.25907741823793,1000
1352,182,15669,1000,105.704847186977,7.05358866147612,1000
405,54,4660,1000,34.5877414768309,2.89169981513779,1000
152,20,12446,1000,13.4772968774608,1.53778963510176,1000
908,121,11101,1000,73.8799816411645,5.04523571252557,1000
415,54,15043,1000,35.290026872005,2.71596550402503,1000
971,130,9184,1000,77.094124030668,5.45876975629657,1000
904,121,7833,1000,71.4009233374522,5.24492687535027,1000
1003,134,6306,1000,75.5558243651048,6.31744307350858,1000
774,103,9039,1000,63.3010433468388,4.47757872238485,1000
853,113,1082,1000,52.3786570345493,7.9915423789866,1000
817,108,12582,1000,67.1403283107182,4.41094340450267,1000
860,113,17639,1000,71.1153698465264,4.39050250147812,1000
354,47,16372,1000,30.9162796705979,2.39665707072161,1000
97,14,4537,1000,9.54094930962332,1.18850016226788,1000
630,84,14322,1000,53.7822931423774,3.60696025019271,1000
575,77,17141,1000,49.7128735686783,3.31398939076798,1000
37,6,14891,1000,4.32797039175216,0.710917123298309,1000
489,67,3953,1000,41.6639605272405,3.54951328753294,1000
145,19,19955,1000,12.8674056380185,1.43865429781077,1000
735,98,4485,1000,57.4495782754671,5.25289442979227,1000
160,21,11147,1000,14.1284905056417,1.52331830819581,1000
556,75,1971,1000,43.3323011070424,4.61549642004296,1000
830,109,14654,1000,68.3217186442985,4.45557361845966,1000
804,106,19928,1000,67.5311159610398,4.05413036137753,1000
1092,147,711,1000,59.0646349833472,9.36732138930643,1000
1060,142,14863,1000,86.1388749804454,5.49295013085184,1000
758,101,12865,1000,63.4779031566181,4.19713505573392,1000
238,30,1974,1000,19.6438831102376,1.97372074838641,1000
1301,176,14760,1000,102.181257108505,6.84202706937144,1000
224,29,1160,1000,18.7659311757815,2.17150409937997,1000
1318,178,16729,1000,104.734517745362,6.7837502717573,1000
887,119,876,1000,51.9758099735246,8.29135992342113,1000
956,128,18582,1000,79.860900781653,4.82670909607305,1000
666,88,13887,1000,55.8977815272741,3.78734306467353,1000
592,79,14227,1000,50.7932767379871,3.41735604460695,1000
895,119,18097,1000,74.7197210961254,4.48293247666553,1000
739,98,14556,1000,62.032392901441,4.02669375510272,1000
63,10,7207,1000,6.97986980321153,0.989055258059014,1000
1293,176,2261,1000,74.5217920697699,9.9865636053943,1000
195,25,16771,1000,16.8582854451603,1.66376202528559,1000
237,30,435,1000,18.8219815742133,2.56159970373645,1000
183,24,1965,1000,15.9296565215107,1.70808080451845,1000
1189,160,7619,1000,87.8722856802472,7.19907942713455,1000
906,121,9146,1000,72.4880361792972,5.43238045939613,1000
1363,183,15293,1000,106.048875018189,6.80126089002732,1000
525,70,14112,1000,45.3347094119482,3.18925547906885,1000
675,90,1628,1000,48.147480547873,5.96812700159975,1000
1472,200,16264,1000,114.095687880621,7.37838843601127,1000
1255,171,5223,1000,86.3362475616044,8.66618605076075,1000
1041,139,5002,1000,75.4400620965588,6.6011624827357,1000
1411,189,14755,1000,107.791123525146,7.15524822128671,1000
384,50,16388,1000,32.7741672663181,2.53796713586588,1000
1247,170,4197,1000,82.4373223309391,8.993064243637,1000
1370,184,9978,1000,101.354622998103,7.85307416640023,1000
333,45,473,1000,26.051518325443,3.69151901575369,1000
1097,147,11671,1000,86.3536185259503,5.91553882745842,1000
264,33,7941,1000,21.8544081554316,1.99436108107785,1000
6,3,9711,1000,2.35056841583285,0.417019601319114,1000
268,34,2490,1000,22.1926985082243,2.22385984208109,1000
38,6,15058,1000,4.32634508415108,0.718110378407293,1000
1432,193,10022,1000,103.90304058423,8.34173615877086,1000
549,74,9996,1000,47.0743996923834,3.44864881079604,1000
120,16,19769,1000,10.9285626720029,1.29249276906081,1000
657,87,17250,1000,55.9734074786492,3.6890283872008,1000
1388,186,11080,1000,103.068207772486,7.91982611098432,1000
712,95,13632,1000,59.9978612543616,4.00626906261752,1000
107,15,4643,1000,10.2667032470608,1.29640323264356,1000
1027,137,2326,1000,65.7730011823826,8.3944822345709,1000
488,67,2679,1000,40.6978519845331,3.83976914832203,1000
1424,192,685,1000,74.7965413166397,11.7043185434212,1000
965,129,19689,1000,80.5934674237091,4.71958641901693,1000
689,92,9614,1000,57.7223177587185,4.04057532500783,1000
20,5,4077,1000,3.67615670553504,0.622521511428196,1000
244,30,13572,1000,20.1190853429031,1.86890591083445,1000
51,8,2738,1000,5.65349420230904,0.876759990218283,1000
164,22,7441,1000,14.8909739130968,1.59602404565071,1000
444,59,13664,1000,38.5433291957253,2.92596661110637,1000
737,98,8610,1000,60.6774657086971,4.46495121610474,1000
1267,172,5738,1000,88.2348459632921,8.40342932103013,1000
891,119,7524,1000,70.3547545505561,5.46610017091903,1000
1054,141,10300,1000,82.7555459264199,5.86355294393802,1000
303,41,2701,1000,26.5925880504006,2.53702228061028,1000
945,127,12649,1000,77.5786896714805,4.99747914046107,1000
174,22,18808,1000,14.8113398197464,1.56887001781475,1000
713,95,14434,1000,60.4348677911034,3.86949631412519,1000
663,88,8042,1000,54.813033207549,3.94180280054609,1000
982,131,16105,1000,80.7942581541842,4.99600591573335,1000
286,37,3166,1000,24.0925025030467,2.28700989019625,1000
1050,141,4847,1000,75.8387444030267,7.4201970742215,1000
1278,173,15636,1000,101.764505722691,6.38701550992853,1000
1461,198,1769,1000,76.0618251985624,11.0399686406565,1000
848,112,16695,1000,70.3344311056701,4.35326888515909,1000
1206,163,5382,1000,84.6816671992218,8.09241348536223,1000
899,120,13413,1000,73.8352148481488,4.77788951500155,1000
673,89,17311,1000,56.9080614080552,3.72949416778362,1000
1362,183,13888,1000,104.674425471757,7.14549358368003,1000
212,27,12338,1000,18.1005209285761,1.79604379350058,1000
346,47,6220,1000,30.5222129060818,2.45775368762507,1000
308,41,16097,1000,27.1508904530051,2.21954366992135,1000
219,28,10259,1000,18.6028210971631,1.80880781259728,1000
1448,196,8491,1000,102.295938281975,8.70320939837859,1000
291,38,12392,1000,25.128103346242,2.2357978261706,1000
380,50,6826,1000,32.6452882474595,2.58920407150986,1000
169,22,15422,1000,14.8667072757307,1.52991497313574,1000
423,56,5932,1000,36.0011087395676,2.96588269443271,1000
227,29,6915,1000,19.3501526063062,1.87155280593732,1000
621,83,12975,1000,52.8774445131564,3.60746234609181,1000
12,4,1166,1000,2.99264260514783,0.528345383948573,1000
526,70,15532,1000,45.387060622166,3.21142904856972,1000
1106,148,16273,1000,89.8655195453345,5.82006088774877,1000
70,11,2794,1000,7.57985365046772,1.06799259812309,1000
92,13,15739,1000,8.94533180609161,1.21113897859464,1000
1243,169,15723,1000,99.34821113894,6.53748455530111,1000
382,50,8956,1000,32.5616431199513,2.5402492530333,1000
966,130,2535,1000,64.9955327910326,7.63673031147805,1000
374,50,2389,1000,31.6637126229785,2.99190102323824,1000
260,33,2487,1000,21.7098357004771,2.09860738824289,1000
1266,172,4505,1000,84.301997057755,8.54223240491405,1000
935,125,11215,1000,75.8837267896487,5.12156539440378,1000
306,41,15570,1000,27.2133430542995,2.17627242938658,1000
1321,179,780,1000,68.6773779070362,10.837522776939,1000
412,54,14347,1000,35.4795177532241,2.53331750430484,1000
1427,192,12903,1000,107.739311969956,7.50069482570346,1000
846,112,13722,1000,69.7352612225348,4.50540091084333,1000
42,7,3444,1000,5.00561180523705,0.787461074061939,1000
210,27,7356,1000,18.0648140322383,1.81084051511587,1000
536,72,5767,1000,45.1047162221345,3.58672197206934,1000
1110,149,3921,1000,75.5497182903449,8.12175078662167,1000
494,67,13262,1000,43.4796590118723,3.10640578909563,1000
600,80,4859,1000,49.0589276648452,3.92323089024111,1000
76,11,19604,1000,7.58471174311641,1.05721685441455,1000
519,70,2097,1000,41.27066997985,4.33353058209965,1000
287,37,5008,1000,24.2732365735416,2.28428228852146,1000
1202,162,15151,1000,96.1925862282432,6.33137193524867,1000
73,11,11004,1000,7.55153070856634,1.03182150888505,1000
565,76,9138,1000,48.2186289042649,3.47970822059163,1000
181,23,16086,1000,15.5350749272881,1.55850539027141,1000
931,124,18984,1000,77.6782754518601,4.67382751140595,1000
1384,186,4468,1000,88.142970813,9.6629009824215,1000
497,67,17173,1000,43.6152704121439,3.07627238489246,1000
118,16,17457,1000,10.9345426708255,1.27127415983828,1000
295,39,6113,1000,25.7062585175468,2.29545183283732,1000
78,12,892,1000,8.19570448530998,1.12504371771412,1000
48,7,18642,1000,5.01874921214847,0.77603963459377,1000
874,116,3646,1000,63.598801737036,6.13430814044422,1000
781,104,4561,1000,60.3747447540616,5.38562319002129,1000
778,103,13316,1000,64.6714129966874,4.24537297090736,1000
1220,165,9660,1000,92.8066288989672,7.02301454474232,1000
1023,136,14948,1000,82.9873199501965,5.12284929412765,1000
334,45,7600,1000,29.4810854749336,2.57921085649038,1000
580,78,4949,1000,47.857067181047,4.07205621646561,1000
627,84,10529,1000,53.109625285171,3.78526908013171,1000
568,77,1561,1000,43.0077432308012,5.09713180820642,1000
1030,137,13297,1000,83.186160959592,5.61127632709679,1000
1398,188,620,1000,75.3564146723087,11.8758163547883,1000
411,54,13666,1000,35.3652813012552,2.73243243456467,1000
641,86,2853,1000,49.8942892567418,4.76591775468327,1000
1467,199,12526,1000,109.719588766175,7.69992324097176,1000
1453,196,17165,1000,112.877638266285,7.23581299580934,1000
1244,169,16359,1000,100.454382670807,6.27327053380171,1000
290,38,11061,1000,25.132551918368,2.1962249445426,1000
1011,135,7893,1000,78.0054030967555,5.85431987529034,1000
635,85,10881,1000,53.897671287447,3.88641623437383,1000
528,71,2420,1000,42.3151724172243,4.08706166881482,1000
159,21,6548,1000,14.161500921575,1.52338493369732,1000
339,46,11438,1000,30.3382368714819,2.37702288698682,1000
1396,187,16326,1000,108.41361187258,6.91335596322472,1000
500,67,18898,1000,43.5889913028685,3.03283040773003,1000
46,7,13183,1000,5.01399535141107,0.794172251747183,1000
753,101,722,1000,46.5196998765973,7.49029987297317,1000
137,19,6764,1000,12.8535204941152,1.46084702783726,1000
759,101,14719,1000,63.6789023005833,4.01086077304881,1000
465,63,7463,1000,40.2400677745526,3.18170136723653,1000
969,130,7722,1000,75.6320259674022,5.74849254104167,1000
1393,187,8774,1000,100.333042083921,8.01413526968653,1000
442,59,8526,1000,38.1218335317141,2.99216083723398,1000
179,23,13102,1000,15.5002017686495,1.59301516550581,1000
574,77,10466,1000,49.0511057373291,3.49049974486128,1000
1191,160,16369,1000,95.6681933240959,5.96374861501762,1000
426,56,15253,1000,36.7989842022263,2.59140231709711,1000
327,43,14557,1000,28.4001571228837,2.26814662272855,1000
648,86,13327,1000,54.8338601824113,3.61665800271639,1000
669,89,4000,1000,52.9201110507047,4.87100514149657,1000
352,47,13647,1000,30.7652654840187,2.36839706995284,1000
450,60,6874,1000,38.7199490101019,3.01910216814739,1000
932,125,3348,1000,66.4199597022069,6.84523384948987,1000
17,4,12279,1000,2.97071563571821,0.534110810744796,1000
1081,145,10175,1000,84.6420554196841,5.90067988593087,1000
1067,144,1715,1000,63.9400049217173,8.85254131370156,1000
1449,196,9765,1000,104.881996078815,8.26613592222088,1000
1133,152,9528,1000,87.0800838167276,6.65292525083811,1000
1368,184,4612,1000,88.5250741896839,9.69885091498302,1000
1376,185,10833,1000,102.55787387704,7.70812819328377,1000
347,47,7605,1000,30.7165070677404,2.49739213945171,1000
478,65,17346,1000,42.3564018482258,2.95516808231502,1000
315,42,12687,1000,27.6284476129095,2.29459822486299,1000
760,101,19399,1000,64.3156349182204,3.99110783305943,1000
961,129,10801,1000,77.367779729378,5.47842004114312,1000
454,60,18416,1000,39.2081753593934,2.77709521426906,1000
172,22,17612,1000,14.8164353058941,1.49181591769178,1000
705,94,5805,1000,56.7834907017771,4.44872337646539,1000
1474,200,18810,1000,115.768178352529,7.30435761792368,1000
135,18,19703,1000,12.206630329314,1.37774434561492,1000
819,108,14617,1000,67.7519184347073,4.22994555210791,1000
1249,170,5343,1000,86.166094268923,8.54780499097632,1000
1180,158,17750,1000,95.2750723726148,5.92579751757489,1000
836,110,9222,1000,67.2130684045349,4.79620924999207,1000
80,12,4514,1000,8.27252033834531,1.12346571007357,1000
1156,155,10895,1000,89.6706165381669,6.23862052816471,1000
348,47,9322,1000,30.7541116800452,2.60380563533906,1000
398,52,4923,1000,33.5647803888223,2.8192444324406,1000
1390,187,5689,1000,92.3596546741689,9.01408915653258,1000
391,51,5518,1000,32.9317793013552,2.75474652474303,1000
387,50,17732,1000,32.9807636617967,2.55783331258696,1000
903,121,7163,1000,71.1629539445122,5.34816813707067,1000
990,132,19212,1000,81.8841031910898,4.93430367691349,1000
121,16,19790,1000,10.8869280182073,1.32541696265621,1000
1117,149,19341,1000,91.1649114797564,5.39645923662484,1000
1141,153,19227,1000,93.1458597941048,5.74779746343341,1000
231,29,10048,1000,19.2473016628947,1.94162319484141,1000
1250,170,6730,1000,89.8291559425593,7.7454165017061,1000
21,5,7377,1000,3.63404558888836,0.6202081325338,1000
1170,157,5757,1000,83.3092813433365,7.48483617175638,1000
772,103,4650,1000,59.9940433906699,4.98717909646029,1000
394,51,14912,1000,33.3959294943139,2.63657353295438,1000
252,31,18472,1000,20.6727468852792,1.87211033092562,1000
245,30,19447,1000,20.0730646508573,1.81211134939967,1000
1093,147,2134,1000,67.1397503995336,8.78449549888716,1000
35,6,13373,1000,4.35596093407196,0.689771149229345,1000
597,80,434,1000,38.9034339157719,6.57924304964919,1000
677,90,8666,1000,56.1666747499052,4.13463888696407,1000
511,69,4666,1000,42.977475982496,3.70909663985256,1000
1373,184,13859,1000,104.757685418284,7.14007399757897,1000
1456,197,9201,1000,104.761059198494,8.51546690358647,1000
1466,199,1610,1000,74.5029825192774,11.2823832000205,1000
977,131,2053,1000,62.4653580773395,8.08818363760038,1000
1196,161,12762,1000,94.0306953856691,6.40552622956984,1000
111,15,12102,1000,10.183142375112,1.23851283042535,1000
1137,153,10588,1000,88.7891534270457,6.34277955580279,1000
381,50,7335,1000,32.5022629420411,2.66602666764424,1000
876,117,344,1000,54.7775263120125,8.64520072625154,1000
619,83,2362,1000,47.7213440305416,5.10484192490619,1000
609,82,1048,1000,42.858932126187,6.08914592561444,1000
1096,147,10120,1000,85.6970394155044,6.28283314622528,1000
941,127,485,1000,54.9757170303457,8.94383151367323,1000
632,84,17920,1000,54.1324573867193,3.48576010259222,1000
802,106,16798,1000,67.233327385233,4.08297761439403,1000
910,122,1533,1000,57.5311230573217,7.75865220139815,1000
665,88,13692,1000,56.1786244639594,3.66756672041233,1000
586,79,1646,1000,43.9045653039513,4.9133120817413,1000
952,128,3474,1000,67.8017961484876,6.94300309836011,1000
729,97,2921,1000,54.5013052251811,5.41988075431779,1000
173,22,18003,1000,14.8744724333327,1.55022505843346,1000
683,91,10856,1000,57.3931411444583,3.88550364939223,1000
240,30,4228,1000,19.9385306388581,1.9511848130854,1000
706,94,6898,1000,57.6898556259483,4.3683687145964,1000
1348,182,3289,1000,81.9741641685386,10.0498982613302,1000
1237,169,3161,1000,78.491632499679,9.29159199494486,1000
863,114,5244,1000,65.8789226971729,5.60716954568417,1000
715,95,16513,1000,60.6281803038214,3.84710587522776,1000
1450,196,9791,1000,104.564122689018,8.38118527231979,1000
323,43,10860,1000,28.3852143838512,2.37050667366319,1000
122,17,3557,1000,11.4900667259002,1.43864696610032,1000
1311,178,2986,1000,79.1669718642084,10.1128531426457,1000
157,21,1548,1000,14.1307574577263,1.57563324484282,1000
1254,171,1063,1000,66.1434977058836,10.7562320620318,1000
629,84,13728,1000,53.7106596918427,3.50861248867333,1000
140,19,9476,1000,12.8158000622766,1.42121727727395,1000
127,17,12522,1000,11.5365735990336,1.37190837776909,1000
459,62,5090,1000,39.3320401517694,3.09639474042631,1000
68,11,197,1000,7.5580545003315,1.13379757156617,1000
855,113,7119,1000,67.0890274490373,5.25017962572318,1000
751,100,18077,1000,63.6411490086744,4.01006205738029,1000
1070,144,11386,1000,84.761583606169,5.87962472009944,1000
786,104,15229,1000,65.543928393823,4.22307274006676,1000
1302,176,19302,1000,105.10174647396,6.3841725704548,1000
631,84,15145,1000,53.802582100175,3.70337910406797,1000
610,82,6052,1000,50.8612933013749,4.06344050498246,1000
1459,198,282,1000,135.190657790726,11.0770462994362,1000
1224,166,13047,1000,96.4881418039488,6.47552002414548,1000
180,23,13507,1000,15.4163904928649,1.63716954705001,1000
1219,165,7820,1000,90.2287572490848,7.08063983986647,1000
417,54,19360,1000,35.5448315057538,2.60495157742968,1000
102,14,15675,1000,9.59254296792819,1.25265688393839,1000
1234,168,3438,1000,79.0877854861813,9.23432299971963,1000
221,28,13650,1000,18.7018406154847,1.75415085093239,1000
747,100,15471,1000,63.3602282375702,3.91695276500671,1000
336,45,15219,1000,29.7109449289827,2.35912346543081,1000
1205,163,5289,1000,84.0672430693223,8.13405790394313,1000
116,16,10136,1000,10.8550919954957,1.29283394799128,1000
840,110,19579,1000,69.761196384802,4.15648923160461,1000
687,92,364,1000,43.2831964280451,7.3489181116682,1000
839,110,18561,1000,69.5601476478628,4.34230512691691,1000
222,28,17062,1000,18.6740243654494,1.89772928727242,1000
393,51,9129,1000,33.3716107832114,2.61412901888161,1000
1360,183,6883,1000,94.8813630434905,8.14206012877044,1000
947,127,16529,1000,78.6007880475284,4.93700695367363,1000
311,42,6478,1000,27.547956980559,2.36173593588636,1000
1288,175,9509,1000,97.0791826939481,7.73486086773768,1000
1382,185,19129,1000,109.161903654225,6.63793736928841,1000
531,71,8654,1000,45.3580293518274,3.39467440644568,1000
1028,137,3301,1000,69.9298599621644,7.4204901881494,1000
247,31,5581,1000,20.5224681866599,1.98562657360135,1000
691,92,12577,1000,58.2425655641785,3.83594280468328,1000
522,70,8599,1000,44.7814731513028,3.18039057386936,1000
1064,143,11412,1000,84.8371294093432,5.77125665852465,1000
1058,142,13163,1000,85.5364893782306,5.53403387605965,1000
1386,186,7683,1000,97.7004523134346,8.32015175089347,1000
979,131,6507,1000,74.9655145450946,6.16880983645907,1000
396,52,3287,1000,33.0150430817426,3.05760729506274,1000
645,86,8049,1000,53.8070065184584,3.9104483260061,1000
106,15,4516,1000,10.267274153953,1.24342811183346,1000
821,108,15398,1000,67.7450535862793,4.47607783442656,1000
1073,144,14441,1000,86.9613173631491,5.40554384058011,1000
1164,156,8372,1000,87.2744161447666,6.83761780818269,1000
726,97,460,1000,44.3388680252616,7.86507968902749,1000
820,108,14817,1000,67.8001373643633,4.45065645072013,1000
1006,134,11148,1000,80.2347090815382,5.45275099275152,1000
52,8,2780,1000,5.66264187405251,0.843377535793462,1000
607,81,10396,1000,51.36438411812,3.64078836781372,1000
356,47,18777,1000,30.9407294348761,2.5223041091921,1000
1387,186,9258,1000,100.281627325246,8.07419009842267,1000
463,63,3762,1000,39.3843850567867,3.34816263108499,1000
22,5,7411,1000,3.6545335286688,0.637845012117094,1000
376,50,2729,1000,31.6070578039672,2.85756849192662,1000
542,72,19931,1000,46.9058300274396,3.06143502817596,1000
1175,157,14680,1000,93.192159829639,6.1770853962464,1000
220,28,13545,1000,18.7329427471114,1.80201520396769,1000
589,79,4380,1000,48.5139742983438,4.00928522392523,1000
1038,138,7265,1000,78.5537118293134,6.52421457901379,1000
1051,141,5675,1000,77.4924692777658,6.78257799489277,1000
1146,154,11113,1000,89.227758587601,6.33594035129451,1000
1068,144,3653,1000,73.3745830748024,7.77706033091166,1000
416,54,19121,1000,35.410393293879,2.62586154343368,1000
207,27,847,1000,17.7178848779252,2.04676464931183,1000
1198,162,2160,1000,71.0966851791597,9.74527275042208,1000
501,68,5387,1000,42.9230846282872,3.35705236551829,1000
520,70,5052,1000,43.781150508368,3.6347130216682,1000
708,94,15155,1000,59.7930277933878,3.93880573338725,1000
377,50,4187,1000,32.1346138778274,2.90029484715431,1000
